/*
Navicat MySQL Data Transfer

Source Server         : localhost_3306
Source Server Version : 50527
Source Host           : localhost:3306
Source Database       : spring_boot_activiti

Target Server Type    : MYSQL
Target Server Version : 50527
File Encoding         : 65001

Date: 2017-12-21 14:25:40
*/

SET FOREIGN_KEY_CHECKS=0;

-- ----------------------------
-- Table structure for act_evt_log
-- ----------------------------
DROP TABLE IF EXISTS `act_evt_log`;
CREATE TABLE `act_evt_log` (
  `LOG_NR_` bigint(20) NOT NULL AUTO_INCREMENT,
  `TYPE_` varchar(64) COLLATE utf8_bin DEFAULT NULL,
  `PROC_DEF_ID_` varchar(64) COLLATE utf8_bin DEFAULT NULL,
  `PROC_INST_ID_` varchar(64) COLLATE utf8_bin DEFAULT NULL,
  `EXECUTION_ID_` varchar(64) COLLATE utf8_bin DEFAULT NULL,
  `TASK_ID_` varchar(64) COLLATE utf8_bin DEFAULT NULL,
  `TIME_STAMP_` timestamp NOT NULL DEFAULT CURRENT_TIMESTAMP ON UPDATE CURRENT_TIMESTAMP,
  `USER_ID_` varchar(255) COLLATE utf8_bin DEFAULT NULL,
  `DATA_` longblob,
  `LOCK_OWNER_` varchar(255) COLLATE utf8_bin DEFAULT NULL,
  `LOCK_TIME_` timestamp NULL DEFAULT NULL,
  `IS_PROCESSED_` tinyint(4) DEFAULT '0',
  PRIMARY KEY (`LOG_NR_`)
) ENGINE=InnoDB DEFAULT CHARSET=utf8 COLLATE=utf8_bin;

-- ----------------------------
-- Records of act_evt_log
-- ----------------------------

-- ----------------------------
-- Table structure for act_ge_bytearray
-- ----------------------------
DROP TABLE IF EXISTS `act_ge_bytearray`;
CREATE TABLE `act_ge_bytearray` (
  `ID_` varchar(64) COLLATE utf8_bin NOT NULL DEFAULT '',
  `REV_` int(11) DEFAULT NULL,
  `NAME_` varchar(255) COLLATE utf8_bin DEFAULT NULL,
  `DEPLOYMENT_ID_` varchar(64) COLLATE utf8_bin DEFAULT NULL,
  `BYTES_` longblob,
  `GENERATED_` tinyint(4) DEFAULT NULL,
  PRIMARY KEY (`ID_`),
  KEY `ACT_FK_BYTEARR_DEPL` (`DEPLOYMENT_ID_`),
  CONSTRAINT `ACT_FK_BYTEARR_DEPL` FOREIGN KEY (`DEPLOYMENT_ID_`) REFERENCES `act_re_deployment` (`ID_`)
) ENGINE=InnoDB DEFAULT CHARSET=utf8 COLLATE=utf8_bin;

-- ----------------------------
-- Records of act_ge_bytearray
-- ----------------------------
INSERT INTO `act_ge_bytearray` VALUES ('47502', '1', 'leaveBill.bpmn20.xml', '47501', 0x3C3F786D6C2076657273696F6E3D22312E302220656E636F64696E673D225554462D38223F3E0A3C646566696E6974696F6E7320786D6C6E733D22687474703A2F2F7777772E6F6D672E6F72672F737065632F42504D4E2F32303130303532342F4D4F44454C2220786D6C6E733A7873693D22687474703A2F2F7777772E77332E6F72672F323030312F584D4C536368656D612D696E7374616E63652220786D6C6E733A7873643D22687474703A2F2F7777772E77332E6F72672F323030312F584D4C536368656D612220786D6C6E733A61637469766974693D22687474703A2F2F61637469766974692E6F72672F62706D6E2220786D6C6E733A62706D6E64693D22687474703A2F2F7777772E6F6D672E6F72672F737065632F42504D4E2F32303130303532342F44492220786D6C6E733A6F6D6764633D22687474703A2F2F7777772E6F6D672E6F72672F737065632F44442F32303130303532342F44432220786D6C6E733A6F6D6764693D22687474703A2F2F7777772E6F6D672E6F72672F737065632F44442F32303130303532342F44492220747970654C616E67756167653D22687474703A2F2F7777772E77332E6F72672F323030312F584D4C536368656D61222065787072657373696F6E4C616E67756167653D22687474703A2F2F7777772E77332E6F72672F313939392F585061746822207461726765744E616D6573706163653D22687474703A2F2F7777772E61637469766974692E6F72672F70726F63657373646566223E0A20203C70726F636573732069643D224C6561766542696C6C22206E616D653D226C6561766542696C6C2220697345786563757461626C653D2274727565223E0A202020203C73746172744576656E742069643D2273746172744576656E7422206E616D653D227374617274223E3C2F73746172744576656E743E0A202020203C757365725461736B2069643D22757365725461736B3122206E616D653D22E8AFB7E58187E794B3E8AFB7222061637469766974693A61737369676E65653D22247B696E707574557365727D223E3C2F757365725461736B3E0A202020203C73657175656E6365466C6F772069643D227369642D39463932363034392D393830422D343838312D394332322D3432324634353941333838312220736F757263655265663D2273746172744576656E7422207461726765745265663D22757365725461736B31223E3C2F73657175656E6365466C6F773E0A202020203C757365725461736B2069643D22757365725461736B3222206E616D653D22E983A8E997A8E7BB8FE79086E5AEA1E689B9222061637469766974693A63616E64696461746547726F7570733D226465706172746D656E745F6D616E61676572223E3C2F757365725461736B3E0A202020203C73657175656E6365466C6F772069643D227369642D45334444464232322D444542462D343045372D384543382D3645303836313438313637422220736F757263655265663D22757365725461736B3122207461726765745265663D22757365725461736B32223E3C2F73657175656E6365466C6F773E0A202020203C757365725461736B2069643D22757365725461736B3322206E616D653D22E680BBE7BB8FE79086E5AEA1E689B9222061637469766974693A63616E64696461746547726F7570733D2267656E6572616C5F6D616E61676572223E3C2F757365725461736B3E0A202020203C656E644576656E742069643D22656E644576656E743322206E616D653D22656E64223E3C2F656E644576656E743E0A202020203C656E644576656E742069643D22656E644576656E743122206E616D653D22656E64223E3C2F656E644576656E743E0A202020203C656E644576656E742069643D22656E644576656E743222206E616D653D22656E64223E3C2F656E644576656E743E0A202020203C73657175656E6365466C6F772069643D227369642D43364333433032372D443435392D344346462D383438362D44304634313637424436453722206E616D653D22E9809AE8BF872220736F757263655265663D22757365725461736B3222207461726765745265663D22757365725461736B33223E0A2020202020203C636F6E646974696F6E45787072657373696F6E207873693A747970653D2274466F726D616C45787072657373696F6E223E3C215B43444154415B247B706173737D5D5D3E3C2F636F6E646974696F6E45787072657373696F6E3E0A202020203C2F73657175656E6365466C6F773E0A202020203C73657175656E6365466C6F772069643D227369642D37454538304642352D394145422D344237412D413434352D34453837443345414637343122206E616D653D22E68B92E7BB9D2220736F757263655265663D22757365725461736B3222207461726765745265663D22656E644576656E7431223E0A2020202020203C636F6E646974696F6E45787072657373696F6E207873693A747970653D2274466F726D616C45787072657373696F6E223E3C215B43444154415B247B21706173737D5D5D3E3C2F636F6E646974696F6E45787072657373696F6E3E0A202020203C2F73657175656E6365466C6F773E0A202020203C73657175656E6365466C6F772069643D227369642D30454230414634382D363331462D344341382D413946452D32423843383439413538423122206E616D653D22E9809AE8BF872220736F757263655265663D22757365725461736B3322207461726765745265663D22656E644576656E7433223E0A2020202020203C636F6E646974696F6E45787072657373696F6E207873693A747970653D2274466F726D616C45787072657373696F6E223E3C215B43444154415B247B706173737D5D5D3E3C2F636F6E646974696F6E45787072657373696F6E3E0A202020203C2F73657175656E6365466C6F773E0A202020203C73657175656E6365466C6F772069643D227369642D31354133413543462D433535352D343242332D413146352D36453532363233353444313122206E616D653D22E68B92E7BB9D2220736F757263655265663D22757365725461736B3322207461726765745265663D22656E644576656E7432223E0A2020202020203C636F6E646974696F6E45787072657373696F6E207873693A747970653D2274466F726D616C45787072657373696F6E223E3C215B43444154415B247B21706173737D5D5D3E3C2F636F6E646974696F6E45787072657373696F6E3E0A202020203C2F73657175656E6365466C6F773E0A20203C2F70726F636573733E0A20203C62706D6E64693A42504D4E4469616772616D2069643D2242504D4E4469616772616D5F4C6561766542696C6C223E0A202020203C62706D6E64693A42504D4E506C616E652062706D6E456C656D656E743D224C6561766542696C6C222069643D2242504D4E506C616E655F4C6561766542696C6C223E0A2020202020203C62706D6E64693A42504D4E53686170652062706D6E456C656D656E743D2273746172744576656E74222069643D2242504D4E53686170655F73746172744576656E74223E0A20202020202020203C6F6D6764633A426F756E6473206865696768743D2233302E30222077696474683D2233302E302220783D223130382E37352220793D2236392E30223E3C2F6F6D6764633A426F756E64733E0A2020202020203C2F62706D6E64693A42504D4E53686170653E0A2020202020203C62706D6E64693A42504D4E53686170652062706D6E456C656D656E743D22757365725461736B31222069643D2242504D4E53686170655F757365725461736B31223E0A20202020202020203C6F6D6764633A426F756E6473206865696768743D2238302E30222077696474683D223130302E302220783D223139352E37352220793D2234342E30223E3C2F6F6D6764633A426F756E64733E0A2020202020203C2F62706D6E64693A42504D4E53686170653E0A2020202020203C62706D6E64693A42504D4E53686170652062706D6E456C656D656E743D22757365725461736B32222069643D2242504D4E53686170655F757365725461736B32223E0A20202020202020203C6F6D6764633A426F756E6473206865696768743D2238302E30222077696474683D223130302E302220783D223334302E37352220793D2234342E30223E3C2F6F6D6764633A426F756E64733E0A2020202020203C2F62706D6E64693A42504D4E53686170653E0A2020202020203C62706D6E64693A42504D4E53686170652062706D6E456C656D656E743D22757365725461736B33222069643D2242504D4E53686170655F757365725461736B33223E0A20202020202020203C6F6D6764633A426F756E6473206865696768743D2238302E30222077696474683D223130302E302220783D223533312E37352220793D2234342E30223E3C2F6F6D6764633A426F756E64733E0A2020202020203C2F62706D6E64693A42504D4E53686170653E0A2020202020203C62706D6E64693A42504D4E53686170652062706D6E456C656D656E743D22656E644576656E7433222069643D2242504D4E53686170655F656E644576656E7433223E0A20202020202020203C6F6D6764633A426F756E6473206865696768743D2232382E30222077696474683D2232382E302220783D223731342E37352220793D2237302E30223E3C2F6F6D6764633A426F756E64733E0A2020202020203C2F62706D6E64693A42504D4E53686170653E0A2020202020203C62706D6E64693A42504D4E53686170652062706D6E456C656D656E743D22656E644576656E7431222069643D2242504D4E53686170655F656E644576656E7431223E0A20202020202020203C6F6D6764633A426F756E6473206865696768743D2232382E30222077696474683D2232382E302220783D223435392E37352220793D223136342E30223E3C2F6F6D6764633A426F756E64733E0A2020202020203C2F62706D6E64693A42504D4E53686170653E0A2020202020203C62706D6E64693A42504D4E53686170652062706D6E456C656D656E743D22656E644576656E7432222069643D2242504D4E53686170655F656E644576656E7432223E0A20202020202020203C6F6D6764633A426F756E6473206865696768743D2232382E30222077696474683D2232382E302220783D223636392E37352220793D223136302E30223E3C2F6F6D6764633A426F756E64733E0A2020202020203C2F62706D6E64693A42504D4E53686170653E0A2020202020203C62706D6E64693A42504D4E456467652062706D6E456C656D656E743D227369642D39463932363034392D393830422D343838312D394332322D343232463435394133383831222069643D2242504D4E456467655F7369642D39463932363034392D393830422D343838312D394332322D343232463435394133383831223E0A20202020202020203C6F6D6764693A776179706F696E7420783D223133382E37352220793D2238342E30223E3C2F6F6D6764693A776179706F696E743E0A20202020202020203C6F6D6764693A776179706F696E7420783D223139352E37352220793D2238342E30223E3C2F6F6D6764693A776179706F696E743E0A2020202020203C2F62706D6E64693A42504D4E456467653E0A2020202020203C62706D6E64693A42504D4E456467652062706D6E456C656D656E743D227369642D31354133413543462D433535352D343242332D413146352D364535323632333534443131222069643D2242504D4E456467655F7369642D31354133413543462D433535352D343242332D413146352D364535323632333534443131223E0A20202020202020203C6F6D6764693A776179706F696E7420783D223632372E303833333333333333333333342220793D223132342E30223E3C2F6F6D6764693A776179706F696E743E0A20202020202020203C6F6D6764693A776179706F696E7420783D223637332E323532323730303234383838372220793D223136342E3733373239373038303738343135223E3C2F6F6D6764693A776179706F696E743E0A2020202020203C2F62706D6E64693A42504D4E456467653E0A2020202020203C62706D6E64693A42504D4E456467652062706D6E456C656D656E743D227369642D30454230414634382D363331462D344341382D413946452D324238433834394135384231222069643D2242504D4E456467655F7369642D30454230414634382D363331462D344341382D413946452D324238433834394135384231223E0A20202020202020203C6F6D6764693A776179706F696E7420783D223633312E37352220793D2238342E30223E3C2F6F6D6764693A776179706F696E743E0A20202020202020203C6F6D6764693A776179706F696E7420783D223731342E37352220793D2238342E30223E3C2F6F6D6764693A776179706F696E743E0A2020202020203C2F62706D6E64693A42504D4E456467653E0A2020202020203C62706D6E64693A42504D4E456467652062706D6E456C656D656E743D227369642D37454538304642352D394145422D344237412D413434352D344538374433454146373431222069643D2242504D4E456467655F7369642D37454538304642352D394145422D344237412D413434352D344538374433454146373431223E0A20202020202020203C6F6D6764693A776179706F696E7420783D223432362E303639313438393336313730322220793D223132342E30223E3C2F6F6D6764693A776179706F696E743E0A20202020202020203C6F6D6764693A776179706F696E7420783D223436342E343833363035313730373238322220793D223136372E3530353532383734373537313637223E3C2F6F6D6764693A776179706F696E743E0A2020202020203C2F62706D6E64693A42504D4E456467653E0A2020202020203C62706D6E64693A42504D4E456467652062706D6E456C656D656E743D227369642D45334444464232322D444542462D343045372D384543382D364530383631343831363742222069643D2242504D4E456467655F7369642D45334444464232322D444542462D343045372D384543382D364530383631343831363742223E0A20202020202020203C6F6D6764693A776179706F696E7420783D223239352E37352220793D2238342E30223E3C2F6F6D6764693A776179706F696E743E0A20202020202020203C6F6D6764693A776179706F696E7420783D223334302E37352220793D2238342E30223E3C2F6F6D6764693A776179706F696E743E0A2020202020203C2F62706D6E64693A42504D4E456467653E0A2020202020203C62706D6E64693A42504D4E456467652062706D6E456C656D656E743D227369642D43364333433032372D443435392D344346462D383438362D443046343136374244364537222069643D2242504D4E456467655F7369642D43364333433032372D443435392D344346462D383438362D443046343136374244364537223E0A20202020202020203C6F6D6764693A776179706F696E7420783D223434302E37352220793D2238342E30223E3C2F6F6D6764693A776179706F696E743E0A20202020202020203C6F6D6764693A776179706F696E7420783D223533312E37352220793D2238342E30223E3C2F6F6D6764693A776179706F696E743E0A2020202020203C2F62706D6E64693A42504D4E456467653E0A202020203C2F62706D6E64693A42504D4E506C616E653E0A20203C2F62706D6E64693A42504D4E4469616772616D3E0A3C2F646566696E6974696F6E733E, '0');
INSERT INTO `act_ge_bytearray` VALUES ('47503', '1', 'leaveBill.LeaveBill.png', '47501', 0x89504E470D0A1A0A0000000D49484452000002F0000000CA0806000000C3D8749800001DC74944415478DAEDDD0B905D55B927F0386A6995D752EF6095967AC519AF65A9C5589696D7AB4EA598EB3894805469A7D3E9843410C2CB48924B48885831A3191E4319095C62207A11524444018DBCCC9B80444044121E12C83B84748C09E4D121AF3DEB3BD3BBEFCEC9E9F4237D4E3A7D7EBFAA557DBAFB74FA64F57FEFF5ED75D6DE7BD0200000000000000000000000000000000000000000000000000000000000000000000000000000000000000000000000000000000000000000000000000000000000000000000000000000000000000000000000000000000000000000000000000000000000000000000000000000000000000000000000000000000000000000801ECAB2EC2DAB57AFBE6BF9F2E507172E5C98CD9F3F5FAB715BB06041F6F0C30FFF35B5E132A4D56386EC3F35D907E881187C962D5B96B5B6B6666FBCF186769CDAD6AD5BB3A54B97BE9606A36FCA90566F19B2FFD4641FA00762E6C8E0D36F06A137E6CF9FFFBC0C69F59621FB4F4DF6017A20DEF6B5F3EF3F2D0D40FB6548ABB70CD97F6AB20FD003B186D08EBF5F0D40990C69F59621FB4F4DF601AA3000EDDAB1395BFDC4BF67CF2EF8DFA5168FE36B060D03900CC990FDA7ECCB3E403F1B80766EDF94AD7CE8BBD99FEF9B70588BAFC5F70C1C0A78199221FB4FD9977D807E34006D78F637470C3E79DBF8EC3C0387025E8664C8FE53F6651FA03F0D40CF2FBEA6D30128BE67E050C0CB900CD97FCABEEC03F4A30168E5FCEF753A00C5F70C1C0A78199221FB4FD9977D00039001488634458CEC6BB20FD09B0128AE9AD0D90014DF337028E0654886EC3F655FF601FAD100B4EAD11B3B1D80E27B060E05BC0CC990FDA7ECCB3E403F1A80B66D7A265BF9BB2947BEFD9BBE16DF337028E0654886EC3F655FF601FAD100146DCD93B71D3100C5D70C1A0620199221FB4FD9977D80FE3600EDDD9BADFAFDCC23DFFE4D5F8BEF193814F0322443F69FB22FFB00FD64008A3B05BEF8E80D9DAEE18CEFB99BA0025E8664C8FE53F6651FE0780F407BF7669B572DCA563C38B9D3C1276FF19C78AED92405BC0CC990FDA7ECCB3EC0711880BA9A35329B640092211942F6651FA01F0D40DD99353ADA6C928144012F433264FF29FBB20F50C301A8B7834FDE0C240A78199221FB4FD9977D801A0E409A0148866408D9977D000390A680D764C8FE53937D00039001488634458CEC6BB20F18803403900CC910B22FFB40F5DD72CB2DA7CC9831E38EA953A7AE1F3366CC1B23478E3C3474E8D06CC48811D925975CB2FF073FF8C1F6993367CE7FE289279AB22C7B8B1E33001980644886907DD9A7E79A9B9B3FD8D8D8F8AD5467DD95DAAAD47646CD955A5B6A6BD2F7EE491F2F8BE7E92D2A9A306142CBC48913375D7AE9A58766CD9A952D5FBE3CDBB46953D6D6D69685F8D8DADA9AFDF18F7FCC7EF6B39F6563C78ECDA64C99F2C6CD37DF3CD30064003200C9900C21FBB24FF73435359D95DAFCF6423DEB665B9C7E66B8DEA364F4E8D1FF75FCF8F17FB9ECB2CB0E45717EE0C081ACBB9E7EFAE96CF2E4C9D176DF7BEFBD6718803403900CC910B22FFB54968AF093537BA007457BA5B6ACA1A1E1A37AB38E8D1B37EEC2F3CF3F7FDFBC79F37A54B8977BF0C107B30B2FBC30BBEDB6DBE618803403900CC910B22FFB1CAEB1B131D5DE43B7168BF1E6E6E6ECAAABAECA162D5A94AD5FBF3E7BFDF5D74B75D5EEDDBB4BAB201E7DF4D16CFAF4E9A565CCC59F6B6A6ADA6536BE4E4D9E3CB9E5E28B2FDEF7E28B2F667D61EDDAB5D9983163B2DB6FBFFDB70620CD0024433284ECCB3E1DC5FBE9A9F0DE5F2CDCE7CC99535A9ADC1DDBB76F2F3D3F7EAEAC901FA577EB484B4BCB888B2EBAE88DEE06A7BBE2DF8B22FE965B6E996500D20C40322443C8BEEC2BDE4B33EF1DC5FBF8F1E34BB3EDBD113F3761C284F222DE4C7C3D88F557E79C73CEAEBE9A79AF34137FC105171C9A3D7BF6FF3000690620199221645FF6EBB9E62A2E9B9932654AC73299DE8AE535D3A64D2B5F4EF371BD3DC08D1A35EA0FBFF9CD6F0E6655146BE22FBFFCF2ED0620CD0024433284ECCB7EBD6ABFD24CC7CCFBB116EFC522BE6C267E99DE1ED8413AEBDBDFFEF6CE7DFBF665D53671E2C4ECBAEBAE9B6600D20C40322443C8BEECD763CD555CF3DEDB6533475B4E535C136F29CD00367AF4E827E25291B5F0CC33CF6493264D7ACD00A419806468206668F0E0C16E6427FBB24FB766DFE304D46A983B77AE59F8812EEEE275FEF9E7BF762C978BECA9B8D9D31D77DCF1A5137D034CED4B062005BC0CC95048BBB6F76DDCB8F1B1B8BCDB95575EF9AF8A19D9977DD9AE5473E527AEC62CF9B66DDBAA5267C5D569CA2E3179B23DCF0013B7EABDF1C61BB7653514479CD75C73CD097D6DF8C25B53F3531FFE930148012F43F59BA1F5EBD77FB7ADAD6D7FBE8FDBBB77EFBE9FFFFCE7AB2EB9E4924F1A65645FF665BB5873E5CFB9F6DA6BAB5A6BC575E20B05FC65F63C03CCC891237FB37CF9F25AD6EF592CD7B9E28A2BD60C848DB4D01E283FEA360029E06568606768D7AE5DFF6DCB962D6B3BDBD7AD59B3A6EDEAABAFFE714B4BCBDB8D36B22FFBB29D3EBF2BFFDE92254BAA5A6BC53B2285D731CF9E6780193E7CF8DACD9B37D7B4808FEBC28F1A356AF700DB483B8EBAF38DD500A48097A18199A1B41B7BFB860D1B6E3F78F0E0A1AEF677870E1D3AF8E0830FFE75DCB871671871645FF6EB3BDBE9F1AAFC6B7D7DF26AB9B8636BE1356CB0E71960860D1BB6A7ADADADA6057CFCBE74E07070206EA4C5A36E0390025E86065E86B66CD9F28D1D3B76BCD68B35A97B67CE9CB9300DE22729E0655FF6EB36DB07F2C77D75E9C8A35D52B2F07BDB54BC03306CC74337427EC2370350FF1B8064483B9676CF3DF7643366CC289D20D69B93CAE267EB61DF27FBB22FFB5DB75AD75A2ADE813703BFFB78CCC03737371F18A047D94F3436369E1E67E1D772007AEEB9E7B2A79F7EFA88AFC73B9E71D270A59F79F2C927B32F7FF9CBD957BEF295EC81071EC83EF7B9CF654F3DF554963251FAFC431FFAD05177E6EF7FFFFBFBF4F59881AF4E86A2CF6FBEF9E68ECFE3AA079D3DF7D5575F2D3DFFF1C71F3FE27B319B53FEB5C84B3C3FBE17FF6EDEE2EFFFD8638F1DF575AD59B3E6B0CF63907FE185178EFAFFB8FEFAEBBBFCBF5E76D9651D8FE7CD9BD7F1B8D2FFA937198AAB488C1E3DFAB7BFFFFDEF371F3A74A85B97EFDAB163C71D175C70C1E2F477BDC7D5208EFFFE33B2F7BBDFFDEEB0DC7CFFFBDFAFF8DC7ACBB8EC5737DBE9E34E33F0F489B441AE3E1E6BE0CF3BEFBC9D036C23ED1878F2E7D47A0629DF81DF77DF7DD9D9679F9DFDFAD7BF2E7DEDA73FFD69F6AB5FFDAAF4380AB4E2F363008A8F31D0C4C73BEEB8A3A3C08BCFEFBAEBAE8EE7AF5AB5AAE371FCDB1FFEF0873B3E5FB66CD931BF1E057CDF66284E605AB87061E94A07D1D7715076E79D77669FF8C4274A057DFC3DE3EB37DC7043E9F971601D1FDFFAD6B7960EE65E7EF9E5ECAB5FFD6AF6B5AF7DADE36F177FC7F2BFF115575CD1F1FBB66EDD5ACA4F7C7DC890211DCF7BE595574A076E5FF8C217B2DB6EBBADF4FBE3397120181F478D1A55CA5A5E28C5CF2C5DBAB4F47BF3EC7CE0031FC83EFFF9CF971E478B0C7DE4231F39E2F5CC9E3DBBE371E4B9FC715F65286EC63275EAD40DA9286B3DCA1AE095B366CDBA25D6BDC6F38D38FD67FF99EFFFF2BC7656FCD65BC665BFBAD9B6069EBE0CDB5D6927B2AED657A1193366CC1F07C846FA58EC9C2A5DF7B6D6057C5E604721F6A94F7DEAB082B9D2CC777C2D6691E263DC602B1F6C8ADF2FFFFC339FF94CE9DFFDEE77BF9BBDE73DEFC9BEF39DEF74FC9EF27FBFA7AFA78E0BF8AA6468E3C68DA5A264E7CE9DA5167D1E45797C8CBF451422C5C225CF4214FD79315F6CEF78C73B4A057DF9CC64F9CCE17BDFFBDEEC8B5FFC62A7C550FCEEFC71BC4B131F6FBDF5D66CDDBA75A5C75108552A48DEF6B6B765575F7D75C7E771A0911756F1FFCAF395FAB174A092E73BFFB722E3F1AE535F66A8A1A1E1EF9A9B9BAF4F8556EBC18307F714DF687CE9A5977E9CBEB7320DDED35B5A5ADE6DB4E91FFBCFC840E4ED94534E296526721D1FE31DC7F259F87ACCB8EC5737DBAE42439F896B925E75D5552B6A7D1DF854C04F3BC137D223668C8E57011F3BF07CC71E8FF3822D2FDA6236287F9CEFDC6336363E8FB773E3E38F7FFCE3D240B661C386ECD4534FEDF8F7CA07A618342ACDC017BFD79BD753A7057CD533147D9C06D08E03B4BCDFF3D9F7E21280282AF202BED2BF552CE0F30381283E62463F32135F8FBF6D3C8E8F799E2A1537F9EB887D417176B2B82CEBB5D75E2B1550F1BAF2D716338FF138725B690957F9EC641C64E6EFF6E4998FCFFB3A43E96FF9D971E3C63DB37AF5EA4D7BF6EC593A79F2E43B63008FAF1B65FAD7FE3372108571F9D7DFF5AE77655FFFFAD73B3EAFD78CCB7E75B3ED3AF0F49958D376F6D9676FAEE59D582FB9E492B67A580B57AB023E9F2DCD677B62C94A14D35188E52D66BDE3633ED8FCF0873F2C3D3FD664E6B3B0D12EB8E082528BE7C6A0553E701C6D067EF1E2C5BD7E3DF558C0573343F1167F2C83B9F8E28B4B45FAC73EF6B152D11E076AF177CB8B85E27AF87C5940716D7067057CCC244611941F0844B1130550E4AA38D319DF8BFF431433F9F281585A103399F9EFCF8BA4FC351533517EC017FF463C8E75BFF17A2A1537F17FCD7F777E80128F3FFDE94F57354331603735358D6DBF64DC587762ED9FFBCFEE16F0F59A71D9AF7ECDE54EACF499B83EE9C30F3FFC4C2D8AF798091C356AD40A035075D674E66BD6E371ACA52CAE3DCF97C3C4DF20D6600E2A2CA189C22C0AF828D063F088627C508535F3DD9981EFE9EB51C0572743F1378E2224FF3C06FA38B8CAFF567931913FA727057CF184D7588A13FF56FCBEE2BB2D71E056FCFD959617E4054FE4221EE70781C5E7C752853C33E79E7B6EE971CC4C168BAD3807234EBECE8BA94AF92BCF67B532A478E9FF057C3E4B1D854DBC4395E72B3F39B49E332EFBB5A9B9F2C23ADEA1A986B973E7168BF7657A7DE086E9AC912347BE74E0C081FDD52EE0C78F1FFF5AFA7DC30D40D529E0A338CFDFFA3DEDB4D30E2B98CB4F348DAFAD5CB9B263063E666FE26DDBFCC4D64A034D7766E07BFB7A14F07D9BA1FCDD9528BAF3A225FF7B17AF5C9117003D29E0F3038158B31B0350E466E2C4891D4B7562BD6F143CF11ACA33117988A2A7F84E4DCC4E469154A9182A1628796114FF9F980D2D1EAC14673A2BFD6CBCB64A6BFB077A86EC3F8FBC324C2C5B891CBEF9CD6FEE3811358AF5386FA4F8CE663D665CF66B5373E5C575CCC2F7F5C9ACF1EFC5BF5BB889D470BD3E80A53FF2E29B6FBEB9AA6754DC7FFFFD7B5301F744BD1CA51F8F023E069B7C271F273A75B7808FB578C513ABDEF9CE771EF1EFC715133ABB0A4D71E0EBEDEB51C0F76D86F2B7E4A310280EF083DAD7B9E7457D5EB0F774063E8A91FC712C952A162B956602F303C333CE38A3F4CE4F1C4414AF6E1333A295325A3C27239F9D3CE9A493B2B163C776B93E380E4CE344AEFC9D863CF38A98FADC7F461E22773111317EFCF88E223D96B444513F6DDAB4D23EAB9E332EFBB5ABB9F2027BDCB87187FAEA929271A03761C284C366DFBD3332F0C374723A4A7B356DF82F57A3785FBB766D3672E4C81DE9777CDC0054BD023EDE62CD1F174F641A547649C8F2822EFF5E7C1EB34C830A574AA8D4CA0BF8BE783D0AF8BECD509C2017FD1CD7FACF8B83FC72A1B1AE378A805802D0D549AC5114E4C57EACA9CF6731E3F3B87247CC4E160B9D6271138FE3E02E0AA4419D9C205B3EA358E960B07C76B2BCE5339B79AEF2C26C50E10A22F91545CA97492862EA63FF59BCC7414C507CE31BDFE8F4AA5CF59C71D9AF5DCD95DAD6BCD09E3265CA315F173E8AF738082D14EF3BEBA9E6AA6B8D8D8D439B9B9B376CDEBC796D15AEFBBEBDDEDEC6A975015F7C2B371F8C6250993A756AC7DBBA9D15F0B1FC25D65BE6055A3E335FBCA459B145315E7E92EBB1BE1E057C750AF8FCC631C599F84AB387F915892A1DB8E5854DF1D29FC59BD4C48C667EFDEAC8467E1DEB387828BFD94D1452B15C2B9654C5738AEB90E31ADAF9EBAC54DCE44B7F2AB5F8DEA0C2497DC54228BE17372C8BDFD959F1A488A99FFD671CC0C6BE2E2E0719AD52415FAF1997FDDAD65CF909ADF94C7C6F97D3C4CF95CDBC5B3A538747852DC3860D5BBF62C58AE7FA68E6FDC0B9E79EBB2D05759201A87FB54A77D61CC8ADDE0AF881D6AAB5B6571123FB322EFBC7B3E62A16F1B1763D264A6202ACBB579B8913568B6BDEA3D563CDC57F1C156EBDE9A69B1E3C70E0405B6F8BF77BEFBDF795E1C387FF35026A00D20C40322443C8BEEC7364CD95DAF662011E05799C9B16377B8AD9F57C794D4CBCC51D56E3BC8719336694DED929BBF3EBCE7AADB9F88FA3C258133F3F85E8F914A0852937DDBE42CD9FFEF4A76D175E78E14BE9DF78A49ED75F19800C40322443C8BEECD3DD9AABAC18EF695B66CD3BC5507D334215CB6AAEBCF2CAA569235EB671E3C6B57BF6ECF96BE99EC96D6DFB5F7DF5D5CDCB972F7FF1BAEBAE7B3C1D0D6E4ACF7F348E00EBFDCC6703900148866408D9977D7A5A731597D574A7705773D1A9B87B58FB9DD6EE4A6D4D6A6DEDC1898F1B529B17B7EA75B72F03900148866408D9977DD45C6000D214F09A0CD97F6AB20F60003200C990A688917D4DF6010C400620199221645FF6010C409A025E9321FB4F4DF6010C40062019D21431B2AFC93E8001C80024433284ECCB3E80014853C06B3264FFA9C93E8001C80024439A2246F635D90730001980644886907DD9073000690A784D86EC3F35D90730001980644853C4C8BE26FB8001C800640092211942F6651FC000A429E03519B2FFD4641FC000640092214D1123FB9AEC0306203B7E03900CC910B22FFB0006204D01AFC990FDA726FB00062003900C698A18D9D7641F3000690620199221645FF6010C409A025E9321FB4F4DF6010C40062019D21431B2AFC93E6000D20C40322443C8BEEC03F4770B172EB4E3EF3FAD2D0D40FB6548ABB70CD97F6AB20FD0030F3FFCF0E6D6D6563BFF7ED0366DDAF4F334003D2F435ABD65C8FE53937D801E58B468D1D7972C59B263CB962D7B0C02C76FE628069F050B16AC4BED9B32A445DBB66D5BDD64C8FE533B866D44F681FA94767AA7CF9F3FFF8978FB31D6106A356FD1EFCF9FC8838F0CF56DBBEFBEFBB2175E78A1F478F6ECD9D9AC59B3B25FFEF297D9430F3D34603324FB5A4FDA6F7FFBDBD236F297BFFC257BE49147F6FFE217BF78E1EAABAF9E3D66CC98094D4D4D670D1D3AF4B30D0D0DEF935000A0669E7DF6D97D59BB3D7BF6EC7DECB1C7F6DC78E38DBB478F1EBD201527DF1B3264C8BFA402E5EFF414F5EA81071ED89655F0B7BFFD6DD7534F3DB52D7D7F572AE833DB09005013CB962D5B57A9383970E040DBBA75EB56CF9933E7E5E6E6E6ACA5A5E5ED7A8B7A3473E6CCBBB22EA422FE9574C03B586F01005577F7DD773FDC55713269D2A4750D0D0D1FD55BD4A373CE3967E4BE7DFBF61F6D1BD9B163C7B6E1C3874FD65B0040D5DD7AEBAD777455C05F7FFDF57F36BB48BD4AD93FF90F7FF8C3DEAEB6938913272ED25B0040D55D7AE9A5E3BA2A4C1E7AE8A1A71B1B1B87EA2DEAF840F7B5AEB693B973E7EE1A3C78F05BF416005055A9303F7DFFFEFD078F56983C9F3435358DD55BD4ABCB2FBFFCFE43870E1D753B59B162C55E4BCD0080AA1B366CD8A757AF5EBDEB6885496B6BEB9A54C05FA5B7A8E303DD495B93A36D27070F1E3C940AFD6FE92D00A0AA52617ED2D2A54BDBBA284CF60D1D3AF476BD45BD8A7340EEBFFFFED6AE96D1DC73CF3D4BF41600507593274FCEFEFCE73F6FDABF7FFFEECE0A938B2EBAE8113D45BD8A6BBCA7223EAEC8B4E9473FFAD1CA050B163CBD66CD9ABFECDAB5AB350E70F3EDE4F1C71FDFADB70080AA8B59F8D4469D77DE79BFBBE69A6BF63CF9E4936B77EFDEBDA558C04F9F3E7DA39EA29EC509AA71459AB4AD7C29B5E1B1AC267D7E437373F3BD53A74E7DEEA69B6E7A63CE9C3959FADA14BD0500D44C4B4BCBBBA3984F6DFEA449935E5FBC78F1AA0D1B36ECFEC94F7E72287DFB4D7A083A978AF70FA5C23EAEDAF46FDFFBDEF7FE931E01006A2A66E65341D292DA4323468CC8D2E7D7EA1538BA33CF3CF39D71009CB69BBBDDC11800386ECE3DF7DCFF920A9255A99DA737E0E8468F1EFDD654C4CF49DBCB230D0D0D7FAF470080E362D8B061FF980A92CDA930F98ADE802EBD29DEB54ADBCC73A988FF07DD01001C1771025F2A48B63436367E4A6F40D7D2F6F2EDD436A46DE714BD01001C17A9784FF5C8D0B50D0D0DEFD31BD0AD22FE9B71E09B8AF853F5060070BC0A92C9A93D3962C48877E80DE8DA902143FE7BDA665E4D457C93DE00008E5711FF93D47EED7279D03DA976FF64DA66D6A58FFFAA3700809A8B1BDBB45F2EEF7ABD01DDD3D0D0F081B4CDAC686C6C9C3EC8BD150080E3508CBC2B15232BE3443DBD013DDA6E96A476E769A79DF6363D0200D4BA18F98754886C4CED4CBD01DD13857B14F051C84741AF4700809A4A45C867536B8D8F7A03BAED4DB1942696D43437377F50770000B52EE2CF8C997837AD819E89935ADB4F6EFDA4DE00006A5DC4C74D6B565A12003D2EE29BE2329371B949BD0100D4BA88BF3EAE4E1357A9D11BD0A322FED4B8E153DCF8496F00003513D7858FEBC3C775E2F506F4B8883F256D3B1B5CD90900A8A9B8436BDCA935EED8AA37A067DAAFECF45C2AE6AF1DE45AF10040AD0C1F3EFCFDA90859DBD8D838546F408F8BF8BF4FDBCF23A9889F337AF4E8B7EA1100A02652F1FEA958D39B8A902FE90DE899969696B7A7EDE7EE38A7E4CC33CF7CA71E01006A22151F5F4945C8E661C386FDA3DE809E89734AD281F0BFA5F6A77857AB936DEC24278D03007D2A15F0E7A5F6E2D9679FFD9FF506F4EA40F88AB40DAD491F3F5EFC7A4B4BCBBBD3D79F486DB05E0200FABA88FF3FB1A6376E21AF37A0E71A1B1BCF8E77B352FBE7F6E23D96D82C4E2D4B6DA61E0200FADA9B9A9A9AE6461B5476658D214386FC4BFAFAFFD245D06511FF3F53B1DE9A3E7E3D7DBCBDBD788FB63366E3F51000D0A762F63D66E163363EFF5ADCB426B5B6D4FE5D0F41B78AF8CFA4F67AA1782FB574103C4AEF00007D2ED6C1C77AF8F675F197A5B6BFBD0059E3443CE85ADA565A523B505EC0C789AE47DB869A9B9B3F989EF3ADF4DCBB525B15B3F6ED3F1B07D06BD2F7EE896D329EA7970180C3C4156952A1B0ABBC00696868F8A8DE81CEA522FBF4C241EF112D96A395FF4C5353D3597129CAF6423DEB665B9C7E66B81E07004A57CD682F262A150D2D7A082A8BFB29A46D64EBD10AEFF6734C4AD2E727A7F6400F8AF64A6D99036B00A863F1D67C2A085674562C343636DEA297A0B228C853813E367D9C5758FE52DEF6C775E1E30EC8E5C57EDAFEB2ABAEBA2A5BB46851B67EFDFAECF5D75FCFC2EEDDBBB34D9B36658F3EFA68367DFAF46CC48811E50705BBCCC603401D6ABF5EF5F35DCCF6ADAAB486D7DA5D385C6C2771E5A694FBFF9BDA63C5E531697B985B5C661385FB9C3973B2D6D6D6AC3BB66FDF5E7A7EFC9C936401A0CEB517E293BA58067072FE7C6B77A1FB07C8B1BDA4EDEBD9E2F6307EFCF8D26C7B6FC4CF4D9830A1BC88B76D01409D161B6F6FBF92C6E20ACB68BE65ED2EF45CFB76D371703C65CA948E6532BD15CB6BA64D9B56BE9CE6E37A1B00141DDFCFAF4A930AF855D6EE42CF154F0E8F99F7632DDE8B457CD94CFC32BD0D0044F171522A0C6E2B2FDCADDD856E6D3F6715B79BDE2E9B39DA729AE276E5C0180018D47ED58CFDD6EE42AF0AF88ED9F73888AD86B973E79A850700FE3F6B77A1F7DA2FCFBA3F9F7DDFB66D5B550AF87887AB6C99DAC97A1F00EA94B5BBD07BED277E97327EEDB5D766D514E79A14B6A7CBF43E00D467F16EED2E1C83F6FB2394F2BD64C992AA16F071C278A1809FA7F701A03E0B786B77E1D80AF85579BEFBFA00B85C5CF5A9B02D6DD0FB005067ACDD853E29E0F33B13F7D9F2B3A32D4B2B6C476D7A1F00EA8CB5BBD027057C47B66BA1F8FBF43E00D45FE161ED2E1CFB7664061E00A859E161ED2ED88E008013A8F0307308C7BE1D79270B00A859E161ED2E1C23E7920000B52CE0CDC0C33172352700A09605BCB5BBD007DC4F0100A855016FED2EF44D01EF8EC60040F559BB0B7D7A40BC38CFF8B871E30EF5D5B2B4587E3661C284C366DF070F1EFC163D0E0075C8DA5DE8D302FEE4D4B6E6399F3265CA319F5B12C5FBB469D38ADBCECEA6A6A68FEB6D00A863D6EE42DF696C6C1C9A1F14E733F1BD5D4E133F5736F36EE90C0060ED2EF4B594F39662111FF98F83E37827AABBEF58C5416F71BB89960E0E26E95D00202F38ACDD853E1433F1A96D2F16E05190C7B92671C2781CD8E6DB596C277195A638D17BC68C19594B4BCB61857BFBE55E5BF42A00502CE0ADDD852A6C57C5256ABD6CCB6C37004045D6EE42D50AF96FB617F2FB7B52B8C7ACBB77AC0080AE0A0D6B77A14AE2AA4FA9901FDB7EFF85357147E2FCCEC47173B3B83F425C62D5559A00801EB1761700004E30D6EE0200C08959C85BBB0B0000271A6B770100000000000000000000000000000000000000000000004E4CFF0F53B5CC44288C7EFD0000000049454E44AE426082, '1');
INSERT INTO `act_ge_bytearray` VALUES ('5002', '2', 'source', null, 0x7B227265736F757263654964223A2235303031222C2270726F70657274696573223A7B2270726F636573735F6964223A224C6561766542696C6C222C226E616D65223A226C6561766542696C6C222C22646F63756D656E746174696F6E223A22222C2270726F636573735F617574686F72223A22222C2270726F636573735F76657273696F6E223A22222C2270726F636573735F6E616D657370616365223A22687474703A2F2F7777772E61637469766974692E6F72672F70726F63657373646566222C22657865637574696F6E6C697374656E657273223A22222C226576656E746C697374656E657273223A22222C227369676E616C646566696E6974696F6E73223A22222C226D657373616765646566696E6974696F6E73223A22227D2C227374656E63696C223A7B226964223A2242504D4E4469616772616D227D2C226368696C64536861706573223A5B7B227265736F757263654964223A227369642D45433536334146452D334230422D343146432D423638352D383945303836463634454435222C2270726F70657274696573223A7B226F766572726964656964223A2273746172744576656E74222C226E616D65223A227374617274222C22646F63756D656E746174696F6E223A22222C22657865637574696F6E6C697374656E657273223A22222C22696E69746961746F72223A22222C22666F726D6B6579646566696E6974696F6E223A22222C22666F726D70726F70657274696573223A22227D2C227374656E63696C223A7B226964223A2253746172744E6F6E654576656E74227D2C226368696C64536861706573223A5B5D2C226F7574676F696E67223A5B7B227265736F757263654964223A227369642D39463932363034392D393830422D343838312D394332322D343232463435394133383831227D5D2C22626F756E6473223A7B226C6F7765725269676874223A7B2278223A3133382E37352C2279223A39397D2C2275707065724C656674223A7B2278223A3130382E37352C2279223A36397D7D2C22646F636B657273223A5B5D7D2C7B227265736F757263654964223A227369642D35304134313046422D324645452D343942352D414646442D303243434245343137433732222C2270726F70657274696573223A7B226F766572726964656964223A22757365725461736B31222C226E616D65223A22E8AFB7E58187E794B3E8AFB7222C22646F63756D656E746174696F6E223A22222C226173796E6368726F6E6F7573646566696E6974696F6E223A2266616C7365222C226578636C7573697665646566696E6974696F6E223A2266616C7365222C22657865637574696F6E6C697374656E657273223A22222C226D756C7469696E7374616E63655F74797065223A224E6F6E65222C226D756C7469696E7374616E63655F63617264696E616C697479223A22222C226D756C7469696E7374616E63655F636F6C6C656374696F6E223A22222C226D756C7469696E7374616E63655F7661726961626C65223A22222C226D756C7469696E7374616E63655F636F6E646974696F6E223A22222C226973666F72636F6D70656E736174696F6E223A2266616C7365222C22757365727461736B61737369676E6D656E74223A7B2261737369676E6D656E74223A7B2261737369676E6565223A22247B696E707574557365727D227D7D2C22666F726D6B6579646566696E6974696F6E223A22222C2264756564617465646566696E6974696F6E223A22222C227072696F72697479646566696E6974696F6E223A22222C22666F726D70726F70657274696573223A22222C227461736B6C697374656E657273223A22227D2C227374656E63696C223A7B226964223A22557365725461736B227D2C226368696C64536861706573223A5B5D2C226F7574676F696E67223A5B7B227265736F757263654964223A227369642D45334444464232322D444542462D343045372D384543382D364530383631343831363742227D5D2C22626F756E6473223A7B226C6F7765725269676874223A7B2278223A3239352E37352C2279223A3132347D2C2275707065724C656674223A7B2278223A3139352E37352C2279223A34347D7D2C22646F636B657273223A5B5D7D2C7B227265736F757263654964223A227369642D39463932363034392D393830422D343838312D394332322D343232463435394133383831222C2270726F70657274696573223A7B226F766572726964656964223A22222C226E616D65223A22222C22646F63756D656E746174696F6E223A22222C22636F6E646974696F6E73657175656E6365666C6F77223A22222C22657865637574696F6E6C697374656E657273223A22222C2264656661756C74666C6F77223A2266616C7365227D2C227374656E63696C223A7B226964223A2253657175656E6365466C6F77227D2C226368696C64536861706573223A5B5D2C226F7574676F696E67223A5B7B227265736F757263654964223A227369642D35304134313046422D324645452D343942352D414646442D303243434245343137433732227D5D2C22626F756E6473223A7B226C6F7765725269676874223A7B2278223A3139352E313837352C2279223A38347D2C2275707065724C656674223A7B2278223A3133392E3034363837352C2279223A38347D7D2C22646F636B657273223A5B7B2278223A31352C2279223A31357D2C7B2278223A35302C2279223A34307D5D2C22746172676574223A7B227265736F757263654964223A227369642D35304134313046422D324645452D343942352D414646442D303243434245343137433732227D7D2C7B227265736F757263654964223A227369642D43313042343541412D323531362D343234412D384337432D464331384532374335443944222C2270726F70657274696573223A7B226F766572726964656964223A22757365725461736B32222C226E616D65223A22E983A8E997A8E7BB8FE79086E5AEA1E689B9222C22646F63756D656E746174696F6E223A22222C226173796E6368726F6E6F7573646566696E6974696F6E223A2266616C7365222C226578636C7573697665646566696E6974696F6E223A2266616C7365222C22657865637574696F6E6C697374656E657273223A22222C226D756C7469696E7374616E63655F74797065223A224E6F6E65222C226D756C7469696E7374616E63655F63617264696E616C697479223A22222C226D756C7469696E7374616E63655F636F6C6C656374696F6E223A22222C226D756C7469696E7374616E63655F7661726961626C65223A22222C226D756C7469696E7374616E63655F636F6E646974696F6E223A22222C226973666F72636F6D70656E736174696F6E223A2266616C7365222C22757365727461736B61737369676E6D656E74223A7B2261737369676E6D656E74223A7B2263616E64696461746547726F757073223A5B7B2276616C7565223A226465706172746D656E745F6D616E61676572222C222424686173684B6579223A22314857227D5D7D7D2C22666F726D6B6579646566696E6974696F6E223A22222C2264756564617465646566696E6974696F6E223A22222C227072696F72697479646566696E6974696F6E223A22222C22666F726D70726F70657274696573223A22222C227461736B6C697374656E657273223A22227D2C227374656E63696C223A7B226964223A22557365725461736B227D2C226368696C64536861706573223A5B5D2C226F7574676F696E67223A5B7B227265736F757263654964223A227369642D43364333433032372D443435392D344346462D383438362D443046343136374244364537227D2C7B227265736F757263654964223A227369642D37454538304642352D394145422D344237412D413434352D344538374433454146373431227D5D2C22626F756E6473223A7B226C6F7765725269676874223A7B2278223A3434302E37352C2279223A3132347D2C2275707065724C656674223A7B2278223A3334302E37352C2279223A34347D7D2C22646F636B657273223A5B5D7D2C7B227265736F757263654964223A227369642D45334444464232322D444542462D343045372D384543382D364530383631343831363742222C2270726F70657274696573223A7B226F766572726964656964223A22222C226E616D65223A22222C22646F63756D656E746174696F6E223A22222C22636F6E646974696F6E73657175656E6365666C6F77223A22222C22657865637574696F6E6C697374656E657273223A22222C2264656661756C74666C6F77223A2266616C7365227D2C227374656E63696C223A7B226964223A2253657175656E6365466C6F77227D2C226368696C64536861706573223A5B5D2C226F7574676F696E67223A5B7B227265736F757263654964223A227369642D43313042343541412D323531362D343234412D384337432D464331384532374335443944227D5D2C22626F756E6473223A7B226C6F7765725269676874223A7B2278223A3333392E39303632352C2279223A38347D2C2275707065724C656674223A7B2278223A3239362E35393337352C2279223A38347D7D2C22646F636B657273223A5B7B2278223A35302C2279223A34307D2C7B2278223A35302C2279223A34307D5D2C22746172676574223A7B227265736F757263654964223A227369642D43313042343541412D323531362D343234412D384337432D464331384532374335443944227D7D2C7B227265736F757263654964223A227369642D46384439424644392D464543412D344232392D383946422D303031434142323332373537222C2270726F70657274696573223A7B226F766572726964656964223A22757365725461736B33222C226E616D65223A22E680BBE7BB8FE79086E5AEA1E689B9222C22646F63756D656E746174696F6E223A22222C226173796E6368726F6E6F7573646566696E6974696F6E223A2266616C7365222C226578636C7573697665646566696E6974696F6E223A2266616C7365222C22657865637574696F6E6C697374656E657273223A22222C226D756C7469696E7374616E63655F74797065223A224E6F6E65222C226D756C7469696E7374616E63655F63617264696E616C697479223A22222C226D756C7469696E7374616E63655F636F6C6C656374696F6E223A22222C226D756C7469696E7374616E63655F7661726961626C65223A22222C226D756C7469696E7374616E63655F636F6E646974696F6E223A22222C226973666F72636F6D70656E736174696F6E223A2266616C7365222C22757365727461736B61737369676E6D656E74223A7B2261737369676E6D656E74223A7B2263616E64696461746547726F757073223A5B7B2276616C7565223A2267656E6572616C5F6D616E61676572222C222424686173684B6579223A2231574B227D5D7D7D2C22666F726D6B6579646566696E6974696F6E223A22222C2264756564617465646566696E6974696F6E223A22222C227072696F72697479646566696E6974696F6E223A22222C22666F726D70726F70657274696573223A22222C227461736B6C697374656E657273223A22227D2C227374656E63696C223A7B226964223A22557365725461736B227D2C226368696C64536861706573223A5B5D2C226F7574676F696E67223A5B7B227265736F757263654964223A227369642D30454230414634382D363331462D344341382D413946452D324238433834394135384231227D2C7B227265736F757263654964223A227369642D31354133413543462D433535352D343242332D413146352D364535323632333534443131227D5D2C22626F756E6473223A7B226C6F7765725269676874223A7B2278223A3633312E37352C2279223A3132347D2C2275707065724C656674223A7B2278223A3533312E37352C2279223A34347D7D2C22646F636B657273223A5B5D7D2C7B227265736F757263654964223A227369642D36414538443034422D303136332D343531452D424133342D464343334633393445303330222C2270726F70657274696573223A7B226F766572726964656964223A22656E644576656E7433222C226E616D65223A22656E64222C22646F63756D656E746174696F6E223A22222C22657865637574696F6E6C697374656E657273223A22227D2C227374656E63696C223A7B226964223A22456E644E6F6E654576656E74227D2C226368696C64536861706573223A5B5D2C226F7574676F696E67223A5B5D2C22626F756E6473223A7B226C6F7765725269676874223A7B2278223A3734322E37352C2279223A39387D2C2275707065724C656674223A7B2278223A3731342E37352C2279223A37307D7D2C22646F636B657273223A5B5D7D2C7B227265736F757263654964223A227369642D35394544344432372D303444312D343943372D394539342D333141313441463743303743222C2270726F70657274696573223A7B226F766572726964656964223A22656E644576656E7431222C226E616D65223A22656E64222C22646F63756D656E746174696F6E223A22222C22657865637574696F6E6C697374656E657273223A22227D2C227374656E63696C223A7B226964223A22456E644E6F6E654576656E74227D2C226368696C64536861706573223A5B5D2C226F7574676F696E67223A5B5D2C22626F756E6473223A7B226C6F7765725269676874223A7B2278223A3438372E37352C2279223A3139327D2C2275707065724C656674223A7B2278223A3435392E37352C2279223A3136347D7D2C22646F636B657273223A5B5D7D2C7B227265736F757263654964223A227369642D31453146453532372D323143302D343731332D424435352D333432373637334235443431222C2270726F70657274696573223A7B226F766572726964656964223A22656E644576656E7432222C226E616D65223A22656E64222C22646F63756D656E746174696F6E223A22222C22657865637574696F6E6C697374656E657273223A22227D2C227374656E63696C223A7B226964223A22456E644E6F6E654576656E74227D2C226368696C64536861706573223A5B5D2C226F7574676F696E67223A5B5D2C22626F756E6473223A7B226C6F7765725269676874223A7B2278223A3639372E37352C2279223A3138387D2C2275707065724C656674223A7B2278223A3636392E37352C2279223A3136307D7D2C22646F636B657273223A5B5D7D2C7B227265736F757263654964223A227369642D43364333433032372D443435392D344346462D383438362D443046343136374244364537222C2270726F70657274696573223A7B226F766572726964656964223A22222C226E616D65223A22E9809AE8BF87222C22646F63756D656E746174696F6E223A22222C22636F6E646974696F6E73657175656E6365666C6F77223A22247B706173737D222C22657865637574696F6E6C697374656E657273223A22222C2264656661756C74666C6F77223A2266616C7365227D2C227374656E63696C223A7B226964223A2253657175656E6365466C6F77227D2C226368696C64536861706573223A5B5D2C226F7574676F696E67223A5B7B227265736F757263654964223A227369642D46384439424644392D464543412D344232392D383946422D303031434142323332373537227D5D2C22626F756E6473223A7B226C6F7765725269676874223A7B2278223A3533312E353037383132352C2279223A38347D2C2275707065724C656674223A7B2278223A3434302E393932313837352C2279223A38347D7D2C22646F636B657273223A5B7B2278223A35302C2279223A34307D2C7B2278223A35302C2279223A34307D5D2C22746172676574223A7B227265736F757263654964223A227369642D46384439424644392D464543412D344232392D383946422D303031434142323332373537227D7D2C7B227265736F757263654964223A227369642D37454538304642352D394145422D344237412D413434352D344538374433454146373431222C2270726F70657274696573223A7B226F766572726964656964223A22222C226E616D65223A22E68B92E7BB9D222C22646F63756D656E746174696F6E223A22222C22636F6E646974696F6E73657175656E6365666C6F77223A22247B21706173737D222C22657865637574696F6E6C697374656E657273223A22222C2264656661756C74666C6F77223A2266616C7365227D2C227374656E63696C223A7B226964223A2253657175656E6365466C6F77227D2C226368696C64536861706573223A5B5D2C226F7574676F696E67223A5B7B227265736F757263654964223A227369642D35394544344432372D303444312D343943372D394539342D333141313441463743303743227D5D2C22626F756E6473223A7B226C6F7765725269676874223A7B2278223A3436342E30303939383936353530353230342C2279223A3136362E39363931343439313035343038357D2C2275707065724C656674223A7B2278223A3432362E34323735313033343439343739362C2279223A3132342E34303538353530383934353931377D7D2C22646F636B657273223A5B7B2278223A35302C2279223A34307D2C7B2278223A31342C2279223A31347D5D2C22746172676574223A7B227265736F757263654964223A227369642D35394544344432372D303444312D343943372D394539342D333141313441463743303743227D7D2C7B227265736F757263654964223A227369642D30454230414634382D363331462D344341382D413946452D324238433834394135384231222C2270726F70657274696573223A7B226F766572726964656964223A22222C226E616D65223A22E9809AE8BF87222C22646F63756D656E746174696F6E223A22222C22636F6E646974696F6E73657175656E6365666C6F77223A22247B706173737D222C22657865637574696F6E6C697374656E657273223A22222C2264656661756C74666C6F77223A2266616C7365227D2C227374656E63696C223A7B226964223A2253657175656E6365466C6F77227D2C226368696C64536861706573223A5B5D2C226F7574676F696E67223A5B7B227265736F757263654964223A227369642D36414538443034422D303136332D343531452D424133342D464343334633393445303330227D5D2C22626F756E6473223A7B226C6F7765725269676874223A7B2278223A3731332E39363837352C2279223A38347D2C2275707065724C656674223A7B2278223A3633322E313332383132352C2279223A38347D7D2C22646F636B657273223A5B7B2278223A35302C2279223A34307D2C7B2278223A31342C2279223A31347D5D2C22746172676574223A7B227265736F757263654964223A227369642D36414538443034422D303136332D343531452D424133342D464343334633393445303330227D7D2C7B227265736F757263654964223A227369642D31354133413543462D433535352D343242332D413146352D364535323632333534443131222C2270726F70657274696573223A7B226F766572726964656964223A22222C226E616D65223A22E68B92E7BB9D222C22646F63756D656E746174696F6E223A22222C22636F6E646974696F6E73657175656E6365666C6F77223A22247B21706173737D222C22657865637574696F6E6C697374656E657273223A22222C2264656661756C74666C6F77223A2266616C7365227D2C227374656E63696C223A7B226964223A2253657175656E6365466C6F77227D2C226368696C64536861706573223A5B5D2C226F7574676F696E67223A5B7B227265736F757263654964223A227369642D31453146453532372D323143302D343731332D424435352D333432373637334235443431227D5D2C22626F756E6473223A7B226C6F7765725269676874223A7B2278223A3637322E363430373837313434363334392C2279223A3136342E31393737353333363239313331357D2C2275707065724C656674223A7B2278223A3632372E313234383337383535333635312C2279223A3132342E30333636323136333730383638357D7D2C22646F636B657273223A5B7B2278223A35302C2279223A34307D2C7B2278223A31342C2279223A31347D5D2C22746172676574223A7B227265736F757263654964223A227369642D31453146453532372D323143302D343731332D424435352D333432373637334235443431227D7D5D2C22626F756E6473223A7B226C6F7765725269676874223A7B2278223A313230302C2279223A313035307D2C2275707065724C656674223A7B2278223A302C2279223A307D7D2C227374656E63696C736574223A7B2275726C223A227374656E63696C736574732F62706D6E322E302F62706D6E322E302E6A736F6E222C226E616D657370616365223A22687474703A2F2F62336D6E2E6F72672F7374656E63696C7365742F62706D6E322E3023227D2C227373657874656E73696F6E73223A5B5D7D, null);
INSERT INTO `act_ge_bytearray` VALUES ('5003', '1', 'source-extra', null, 0x89504E470D0A1A0A0000000D4948445200000319000000F2080600000021880823000000206348524D00007A26000080840000FA00000080E8000075300000EA6000003A98000017709CBA513C0000000467414D410000B18E7CFB5193000000017352474200AECE1CE900000006624B474400FF00FF00FFA0BDA793000000097048597300000EC400000EC401952B0E1B000020004944415478DAEDDD097C94D5BDFFF133094B80B0C822B8234505B2C0A511BD16152D22166AB14509228AB66EB55AFDF3B7EE577A5BEBADB7FEA5E5B65611C50501C12B5628E21A155111290841401010D9045903243093F9FFBE33CF1386900981EC339FF7EB755E993D70729E79CEEF39BF738E730000000000000000000000000000000000000000000000000000000000000000000000000000000000000000000000000000000000000000000000000000000000000000000000000000000000000000000000000000000000000000000000000000000000000000000000000000000000000000000000000000000000000000000000000000000000000000000000000000000000000000000000000000000000000000000000000000000000000000000000000000000000000000000000000000000000000000000080C309500540F9E6CE9DFBC39494943B8A8A8ACE2A2C2C6C535C5CCC7153D92F9E40C0356DDA74AF95A5569E39EDB4D31EB7C782B421D08668FBA0ED8320034868EFBCF34E46A3468DA686C3E1D33B74E890D2B2654BD7BC797367274C2AA792ACA3E10A0A0ADCCE9D3BDDA64D9B54A7DB5AB56A7543972E5DA6D286401BA2ED83B60F820C20217DF0C1073F0E85422F9F7CF2C90D8F3FFEF8C89523549FF5EBD7BB356BD638ABEB31A79F7EFA6DB421D08668FBA0EDA37E4BA50A80434F90E170F8A56EDDBA356ED7AE1D27C81AA02B9CAD5BB776AB56AD3AEB9E7BEE693566CC9859B42124731BA2ED83B60F820C2081CC9A35AB8BFD78232323A3698B162DCA7C4DC1E62FDCFAFCA96ED3B2196EDBD71FBAFD7BB7BAB416C7BB94068DA9C04A68D4A8916BD5AA955BB162C559B7DD76DBEC279E7862156D08C9D886F8FE046D1F8980E448E0E02FEAB1A79C724AE37827C81DEBE7BB759F4F74853BD7B97071D085F6EF75DBD7CD735FCF7FC61587F6518195D4AC593367F51F282A2A7A913684646D43B47DD0F6419001249037DE78A3474A4A4AF609279CD020DE6B36AF7CCB85C3C5873CBE6FF766B7C34E96A83CE57087C3E1633FFDF4D34B694348B636C4F72768FB20C800124C2010F859870E1D8AE3E51087F615B860D1CEB8EF2FDAFD2D955845DAB76FAF13E5CDB421245B1BE2FB13B47D10640009263535B5FF31C71CD32ADEF3C5C5E52F435ED6153A1C1DA55B141515E5D086906C6D88EF4FD0F64190012498502894AD553A50FBD2D3D375926C431B42B2B521BE3F41DB07410690781AB151541DF962B2BF43381C0ED08690846D88EF4FD0F64190012493068D5BB84020FE21D3A0513A9504DA1040DB07409001549C4E906D4EED53E689B26193D6AE4587EE54126843006D1F0041067064DA76BA307245EE90C7EDE4D938BD3D1504DA1040DB074090011C196D1855D62A28C17D05540E6843006D1F80A7015500544CC196656ED3B21965AEF5BE79C51B6EDF9E2DEED8D32E71A90D9B5059A00D01B47D802003407CBAFAF6DDAA3CB775CDEC72D772DFB17EBEDBB3F52BD7BECB8F5D7ADB33A838D08640DBA7ED030419000EB5FBBB2FDDA6E5FF74FB766FAED0EBF7176E77DF2C78DE1D7362AF48FE712A2BA6D0866843A0EDD3F68124C49C0C208EC29DEB2227BC8A9E20636DFB66AE5B9FFF3295481BA20D81B64FDB070832001C106F926245858B8354226D883604DA3E6D1F484AA44B0171343DE654D7A5EFEFA908D08600DA3E8023C4480600000000820C0000EAA046540168FF4014E952008064769C950BAD4CB0728A95EF5B899D4CF0332B13ADFCD3BB3FDCCA1B563695F159FFCFCA3FBCE701DA3F921A2319008064B6C14A3BEF7CB8C6CAEB56F658996EA5A195A7623A58A2658F7E55CEE7D1C102ED1F708C6424ACB163C766EFDDBBF7EE6DDBB6F5DEB2654BFB9D3B77362C2A2A0A346CD8D0B568D12278DC71C715B469D3665E4E4ECED356A604020196F20090ACFEE6A2576F4FB0A23557DFB732CECAFD56D65AE96BE52DEF9CA9EFCA67BCDB3758591FF3399DAC0CB2D2CFCAFF7AEF0168FF096ED8B061270683C141D6973ADFEEF6B0D2C18A367A29B4B2311C0E2FB0E73E4C4D4D9D3461C2846F0832502FDD79E79D235252521E5ABC78F171DDBA750B5C7CF1C5EEA4934E72AD5BB776696969AEB0B0D0EDDAB5ABC1DAB56B5BD96BFA5A63EF3B7DFAF4F14F3EF9E4D337DC70C3CDD4208024D2C545D345AEB432DE45AFE86658C9B772BC8BA68EA8FCD8CA1C2B6DAC6459F9A5957BBDCED93156B6799FA7CED834AF00B4FF043774E8500555B78442A1DE1644A495F1123DD6D19EEBA800CC5EF7DFB9B9B979767FDCC489135F20C840BD6001C2F7D2D3D3FF69D1F269575C7145A07BF7EECE22E6435BBB051A2AEDDAB5733D7BF674575F7DB55BB87061A3975E7AE9A67BEFBDF7EA5EBD7AE50E1A34E8356A144012586A65B9954BAC7CE8A25761CBF2B58BA690ECF13A5A535CF48AAFDFB1D2776621D509DA7F72B0404141C3E3D6E7EA7F146FEF63EFEB639F71A3051DD74E993265054106EAAC3BEEB8E3A6828282BF5C70C1050D2FB9E49232838BF228205199356B56D369D3A6FDE3B9E79E9B60C1C755D42C802430D44A919507AC2C72D154910FAC0C7007AEC81E1FF37A5DE9DDE7A2A922BFB59267E54E2BBFA32A41FB4F7C43860CC9B51F63ACB4F51F53BF2B3333D39D75D659AE73E7CEAE55AB56AE79F3E66ECF9E3D6EFBF6ED6EF5EAD56EEEDCB96EFEFCF96EFFFEFDFEDB7A3768D060C1D0A1436F4AD4510D828C7AEEDE7BEF1D610DF82F77DE7967C3D34E3BAD529FA5D4AA2E5DBAB8471F7D74D8F3CF3FDF6AF8F0E103A96100094E13597515F611EFFE792E7AB5B6A33B7065B75DCCEBB50A8FAEDE7EE5DDD715DD7F518DA0FD274580313010083CEFF79F155CE8E26EBF7EFD221922A5356DDA34528E3FFE7877CE39E744028E193366B8993367BA5028E4C2E170337BD9F31668A459A0F154A2D517AB4BD56323468C18BE6DDBB627468D1A55E900C377CA29A7B8071E784011F780B163C73E412D034870EA6075B3F28A775F5772750577B53B905FBEB9D47B4EB2F249CCFDE9542368FF091F60E45A80F18A1F60287078F8E18735E9BBCC00A32C1AE1D0EBF53ECD97F559B031D6028D84CB2021C8A8A7940F688DFDF13BEEB8A351451B7745E9F3468E1CE9E6CD9B77FD534F3DF5436A1B40823BD3CA47569AC43CA69C86A6567EEEA257757D5A39A77119EFFFA995AE542568FF09DBE71AE30718679C71861B356AD44181C291D0FBF4FEACACACD887FF6E814617820CD4BAF4F4F4C9975D765993AA1AC1284D231AF6F981E5CB974FA5B60124EA57A995D12EBA57C04D2E9A26A2A527950EA22538CF71D12BBD9FBAE84A3C977A9D0C5DCD1CEE75B8D2BCE795C73ECAFBDC34AF8306D0FE13800518639D3707432318BA10AB391795A134AADB6FBFBD245051EA944634083250ABB4649A35CE6EFDFBF7AFD6BF9FE668D881D5EA4F7FFAD343D43A8004D4C4EB306903B1BF5B79CECA6E2B2DBC0E974AD03B576A151EED66AC8DC9B4DBB1F2B2B5DEFD2FAC28B5F411EFF6B32E3A293483EA05ED3F31FA5CD6F957E0159983A1C0A0B201466CA071EBADB7C62ED8D33B91D2A698F85D0F59E3BEEF9A6BAE49D7C67AD54DB9832FBEF8A276F7BCAF3ED44D6E6EEEFD16182DDEB061C3F4BCBC3C361804ED07E551AEF97B31F777BA8377373E9C255EA1FD83F69FB8EDFA16FF8626791F6D8A543CFABC810307BA575F7D3572DF029A1BED4742AC36459051CF6857496B80A76BC9D99AA07CC1C2C2C2161668F4BEF2CA2B67D7832AFA9DD58FEBD0A1C3EE2143864C4B49497921180CCE9E32654A417DF91B1717173BFB771FF17395F9DCEA785F3D15693FEDDBB7DF6BEDE70DFB7FFFBDBEB51FA00ADAFF1E6BFFFFB0F6FF2CED1F89D2AEAD5F506801C7DB1670FC4F45DBB5FA5CA150A88F6EFB2B495587FEFDFBBB7FFEF39FFEF2B6BD350764D2A449AB093250A3B46DBD0518C123DD0BA332727272DCDAB56B95AF39BB1E555533FB2219665F2CC3ACAE76D801FB0FBBFF62E3C68DF3C68F1F5F27360DD2EEEBAFBDF69ABBFCF2CB0F7AFCE69B6F7616D0B9F3CF3FDF7DFDF5D7EEE4934F3E7039E5965B5C7676B6D328D6B1C71EEBDE7BEF3D77E9A597BA8D1B37BA264D9A44AE84DC7DF7DDAEACB93AFFF8C73FDCA79F7EEA1E7AE8A12AFBF7242A6B2B4A23F889B59F9F58FBD96DED67A67668AD89F663C7B87BFCF1C72343E83E3B193AFBDD91DB5A67FDA69B6ED20933727FF3E6CDEE9D77DED1CA276ECE9C396EE7CE9D077DDEBBEFBEEBFEF8C73F96DCFFC31FFEE0AEBBEEBAC8FB172E5CE8366CD850F2DCAA55ABDC800103227FE3D8E0F2ADB7DE722D5AB4705F7CF1853BE698630EFA7C3DF797BFFCA5CCFFCB934F3EE9060D1A1469ABF1FCFCE73F7737DE7863A45D5F7FFDF5EE99679E710D1A347083070F7676928DDC468DB77FE5D3E75AFBCFB5F6BFD3DAFF742DDB599BDF9FEFBFFF7E648975BF2D1514146885458DB4BB468D1A1DF45ADA38E2D05C9101D6AE07D8DF7D8FB5EB59767F5C5A5ADADBF1DAB5FA5CD6F6237F205DDC6DDDBA75B5FCC3B4EA943648FEE4939245BB065BF91341066AF608494BEB679DFED635F93BBB76EDEAF2F3F37F508FABADA595E1F6C532DC3AD27BED8B65B27D69BC5ADB2901DA795D274D75204F3FFDF4C8C94F273C75E477ECD8E19E7DF659B764C992833A88279C704264550B9D60155CBCFDF6DB91CEBF4FF7FD0063D1A2456ED3A64D2527D1C58B17474E9EEA90CAB66DDB223F7FF6B39F1DF5BF2749681DF3C1D67E065BFBD9E705AC13AABAFDA8C33379F264D7AC59B3C8DF6ADAB4699180421D9FF4F4F44860211F7CF041498766E2C48991BFE9D6AD5BDDCA952B5DAF5EBD229FE3DBB76F9F7BE595570EFA1D7ABD1FA0646464448E6FDF5D77DDE5AEB8E28A9260E69B6FBE71CF3DF79C7292DDBA75EB22EF55BB53E0A94048B4DEBB4F6D4EED26F6F7FDED6F7F8B9C3C7D9F7FFE79A4CDF9BF571D44FDBBF56FBDF0C20B4B3A5C5AE58ECE579DA0FCFC2BADFD5F69ED5F5782A758FBFFDF9AFEFE3CEFBCF3221759FEFAD7BF46EE3FFFFCF3EE89279E3824C0A08DE30802E9CB54BCEFF519F6D873A5DBB53D567282D5DFB03AE9F363828CF3093250E342A150B6567EAA49CA17DCBC79F3B1095285BA423DC24E9823EC24A4118ED7ED4B64BCAED0D5C63F46E9683A09AA33BF74E9D2C868846FF6ECD9078D2A2C5BB6CC7DEF7BDFABF067EBF37442F327A829A8D0EDDEBD7B47EEBFF1C61B2581C6D1FC7B9254233FE0504A9E754C94CF3CA62AAEF0AACE7FF2939F44AE9AAAF3A4110D05080AEEFEFEF7BF475EA3918A5FFCE2172581A3823F7566D4518997D2A6E0D167274F377CF8F0C8EFF8EEBBEF22A31F3E5DF155C0DAA64D9BC87D8D60AA6824447F77FDFDD5095380AB7F9B7E96A6CFBDE38E3B4AEE6B875B8DACF4ED1B993319192DFBF6DB6F239D2F75F014C06A275C2DE5A8E01975FF3A977FC1A67DFBF6BBECFBF34DADBA53DDDF9FFE489ECE7D1A91551BD2089E6EEBE76F7EF31BDA382AFBBD7E99B5EBCB942A68DFEB5A296BB4DAB5FD3D7BF82FEAD4A953B5FE233A76EC187BB74722542C41463D535C5C7CAC86D56A923AA676A0A5D90965548255A7463886D817CB109D185E7AE9A5C848C19174E48FD6FAF5EB2327275D95BEFAEAAB232724FF64A8AB66BA92A6327DFAF4C8894E57B21514ECDEBD5BF9D225573B8E3BEEB8C8F0BEAE7CEB24AC2B633AB1FA27513DE65FE9538A953AA3FE7DDD6ED9B2E551FF7BAA9B7E4F1D6F735A6EF047F6F3476A3FF66F5DAD0E4F6568A5118D16A9AE5F7FFD7577FFFDF71FF4BC768BD5AEB165052887A38E8FFEC60A2CD5F9894D9B535D3FFDF4D39115E5E2BD57BEFCF2CBC86768844C3F63A933F5A31FFD28F2D3BF8AACD115B5575DC1F5035B0552A22BBF2AB366CD8A74C0F41A05577A8DAE0EEBBEDAA5D2519402181B2C55C4962D5B22FFCF04FCDEAA132CB8D0D58B9FDA31F0D3EAFEFE54FB5410A0E322968282D8EFA2646BE3F5FCFBB3AEB6EBA6D6A6D5482E56BB3661FFB9EAEE7B95FAFCB60419A88D20A349557E1155E8D295FDBE6030A85ECC83895CB7BB76ED8A9C28EFB9E79E6AFF5D5A675B79BCBA82A63C4FFF8A973A8B9A58A62B7445454591C040A930BAADF7785F7AEEACB3CE8A9C70B52285820A7F329A0207A5DBF866CC9851321AA1C044B7FDAB73FA9DFE10FF91FE7B6A22C858BE5C2B26D6AB36D7519D123FFDEC48A9BE356746A916AA6FCDB7D148C5EF7FFFFB9261FACA1CFB7AAF72C2D5393AF3CC330FEA5C8D1F3F3E9206A763405781957FAE7F8FD24254FEFCE73FBBCE9D3B47DEAFD1315D59D64FD16D518EBB3A4D0F3CF080BBE0820B228F29F8D59561BF03A64E5E6C5A49A9EFB6C8DCA27FFBB77F8B04CBFAB77CF5D557912BC4B1296015A580F95FFFFA974BF4EFAD64FCFEA48D27E4F7679D8D3BFC1B55B56C6D791799629B3341066A9C262B5947B3694D061AEAD8A6A6A686CCEFEB411555E44B75BFF7F3A0358095FB7EB41DC4CAD24949F9F5E79E7B6EC963F3E6CD73DDBA758B9CD8D4E9D715387F893B7F244343F79A50A879164A73D209AE478F1E91A04134C1313620D06DFFC4A9110DFFC478A4FF9E9AA07921D649FC6D1D6C3F91FE822BB5CF502010F82A2727E7A8C7D355AF2A7E1BF4AFDA6A19693F5D4AC186E66A28203C526ADF4A95D34889FF37D468898E6F3FDD44DF2B1A3DD9BB776F24D85451E0A92BC2BAFAAAC04794FEA140C8EF38C5D29C203F254F233B1A6D3BFBECB323F7B5B0C089279E58F25AB53F75B23417459D3675F2FCF76A34CEBF7D34D476D7AC59531B6DA83EAB48FB2F0E87C3C5FE64D89AF8FED4A882462D4A53FA53DBB66D93B68DD7C1EFCFFADCAEE37DAFABBDA7F8817475061A7BF6EC39A8EB4590819A0FA903814DDBB76F3FD51FAAADA92B54F6C5BC77DCB871A3EA7AFDE4E6E6C6FB32D9EF9D181BFBC185DDDF6EF7DFD224DEC68D1BBF7EF9E597EFD517736DD10843EC24468D4A68A4C2EFF4C7E607FB23197E4774EDDAB591B9331AA6F7030C9D1863DFA393AA3ED37F4C27DEF2D26CCAFBF7D404054493264D1A5547DA8FDA4BC8DA8ABFAC5B4AE9F6A33919D75D775DB832BF5F4B18EAEFE4EF81A3348B071F7CF0A03A511A90AECC96B79A4D99674F6B0F9ACFA12053A3510A4695DEA2748FA79E7A2A9283AEF43A5D017DF8E1870F79BFAE0CEB8AABDA8C9F4227A5DB8426D22E58B020725B9D7CE5ABFB1745D459F46952ADAE246B744DA979F102DEA3A5CEA78E9BBBEEBAABCE7F6FD583EF4F75BE42DE77678AB5F9949AFCFE543A92DAABFF3DE68FCEAAC3A7F353B2B6F1BAF6FD590FDB75E9C0E290766DE7C945F678673DA974D5EA0C32F4F931B61064A0C68542A1CFEC0B32D5828C1A5B47541DD8A64D9B2EAF87D5B5D7FB0251FE5043FBD288F49D7571CBCA64FBE27FCB3A862547B5AE18D7063F8F5F1D7AAD951D1BDCC5FD8FD989564180057E9139149AABF1F2CB2F1F340152ABA428F5C65FBD44B9C63A11FA27437554951A5015FF9E04A65E41232FC04F2DAFFD54057550D40EFDE04E1D9DD2C18482488D6CC5FE6D2A421D27ADCCA3340DD142029AE8AFA291307FC5B2587ACD679F7D1619D552AEBDBFBCA77F95571D2CE5BFFFC77FFC4749274FEBBCFB9D2975EA54FCFB7ADE5F3654CB7AEAFFA9557C0E27769E116AEE74E3A2A3BE695E272CA536BE3FD55EAEB9E69AC8BC0575F6D5DE34A2ABD1088D42C48E70D0C651111648046346E2CA6DD716A02CF0830C8D4855F5467CB1D4E6622C20C8406D1C1CEFCD9933A78B96F3AB29FAD2F50EC0FAC65F1A495F2053ADCCB00EF6F4BAB24F86F7F78CAC99AEE04027297F785E949EE4A73695E64F4ED4C95327383F38881D99E8D7AFDF41EFF1276CFB9F59D6671FEDBF278135AA2BED4779E39A18F8E1871F46F60738DA2B655A975F9F13BBEA4E591E79E491C8FC1EA59BF82977FEDC90D8ABBCA5835FADDEE3A78028685250F4EFFFFEEF91FBEAB095546CA9A54763296F3D963A81A5DB33AA5DAA576AB5FDEB7B4EED4EA9515AC659A9489A1FA68EFCC71F7F1C4913D5D2B69A6FA1764A1BC7E178014685DAB5FA5CF6FAC17E5B8C5D32BE3ADA7A8CF7083250F37FB0060DA659A7FFBE5028E46A6A43BE8F3EFAA8F0BBEFBE1B5BCF82315D89C8D38EB5DEF2A2DBEBE2BF5343AFB7DD765BE4B65264745253D0A094184DFA2D8B4EAEFEE4C448F4672748E504FFF0873F74BFFEF5AF23132FCB4AA7F37612ADF27F4F8206F3B5D67E94D3EDA74B6913318D3829C75C1D2C5D75554A4A599B2DC652C0A949E40A3AFDCE93523CB49EFFBDF7DE1BB9D2ABBF6B59BBB9AB3D7DFFFBDF3F6854ACBC5DDFF5FACCCCCC48E74F5780633B4A7A8FBEA7FCCED6B5D75E5BF29C7EBF46D9FC7C77B5B137DF7C333289F6861B6E8804B97EDBD3154424DFF7A7AEEEEB78D07C07B513A52569DE85969DD57DED95F19FFFF99F91634329511A09A08DA32ADBB5FA5CD6DF7A4C3715E82A0DAF3A36E45370AC11EA1853093250E3264C98F0CDD0A14317CF993367F3B9E79E9B55DDBF4F1B0F151515ADA847DBDB3F10080456A7A5A54DAD4B2316F1C42EB1E87F71E9A4A4938FF644D00651B127335D45D34956AB50684E85D684571EB13FCCAEFC637530CB0A32948B7CB855A18EE4DF93A06AB5FD68644AF308FCCE8E7F255513EE45EBECC7AEB5EFEF5A5C9A3A58EA0869151C7FD4431DA4C71E7BACE4350A5E7452F3D3E9D4495267CAEF0CF92927A22BC60A78FCE04779EBFE289782570530B1935D63FF1DA5774F8EEDD42905C66F939A4371D9659795ECC5A2050DD489D4BFAF3AAF1EA26E7F7FAA0DCB7DF7DD174909F5E742680443ED50F31D74DCF868E3A8CA76EDF5B9F22C40E9AB8BBB1AE1AA8ED440B5CB980B81B3EB519FAB5C01DA5EFD630D7E907D59FE69DCB871A7A4A6A6566BA03872E4C89DF6C57BCBC489135F48F47A7DF3CD37C335998686F2BDFFFEFBEEA28B2E0AD086904C6D88EF4FD0F6EB5E9FCB828C57745BA3565A34A02AE76668DEAB321014C4443AE681C0F044E973A5D07CEA1F6B7CD38A8A8AD63EFDF4D31F56E7EFB188BD68CB962DCB2DC89844AD03008064EC73D98F3CDD5620F0D8638F85AB6A21142D5B3B66CC989200C3CC4EA43E174146FD75EDBBEFBEDB253F3FBF5A123935796DF2E4C985FBF7EF1F9E979717A4BA010040B2F6B99CB7ACAC050181471F7DB4D22B2E2AC0183D7A746424C353100804AE4FA43E1741463DA57CBDE2E2E2DB1F7EF8E1461B376E5C53959FAD9CFEDFFDEE77DBF7EDDBF72B8BE09752DB00002099FB5CE170F856BB190900B408C7830F3E188E09108E88DE376AD4A8C8BC579F051837275A9F8B20A31E9B3C79F2A45028F4C0C8912353162F5EFC45557CE69A356B4277DF7DF7D68282823F26C33C0C0000808AF4B9ECC7F57EA0A1110DCDA598306142E98DF4E2F29758D6FB6203140B60EE49C43E17AB4BD5FFE87AFC9021430A1F7AE8A131E79D77DEAC1B6EB8E1FCD4D4D4B4A3F9AC575F7D75C3D4A9531B0583C1FF6B07D3786A170000E0E03E97DD7C3C1008B4D25C8AE9D3A747569DD2E690DA67A553A74E917D5AB424BC52A2145868A33DED85A2D5CEB432640CEDD7716BA2F6B908321224BACECDCDFDF8830F3E18FBE1871FAEBEFEFAEBD79F7FFEF9E755F4EFBB60C182AD4F3CF1C4363B1036DA41F30B3B88489102000088D3E7B2FED2582D6DABC7146C288028B5D7C5E1CCD61C8C444E4B27C8489CE87AB5FDB8C81AFE600B186E7CF2C927375834BDCA828D94AE5DBB9ED4BA75EBF4264D9AB4B1083AB863C78E2D1655EF9A3D7BF6F6C58B179F505454A45CC3B11B376E7C8149DE00000015EB7359A070A3F5A1FA1C419F7AB69571C9D0E722C848BC86AF5D22A70E1B36ECC4952B570E5EB162C50FECBE76106AE6BD24E895652EBA6DFDD444D9F4050000A036FA5CC5C5C5832DD8509F2BC78A76C455EABA72A3B42AD58264EC7311642428ED52693F467B05000000F4B96A0CAB4B0100000020C800000000EAB9465606116400000000A82ACDAD8C25C8407DF3522DBD1700002019686EF309E5F4A75B58498FF3BEE392A17250FFA5790D7C4FCC639796F1BAA6DECF3D87F9BC4BA952000080B8AEB532D28AF6B9C8B6729B95D7BDE7C256B443F819564E72D109E10FC5BCEF112B9F58E9489081BA4A41C3ABDEDFB1C86BCCA75AF99B95C656D679AFD3E35AB2F62B175D4EED742B03AC2C8E3918EEB0729795DD65BCB780AA06000088E86CE54E2B3DBD7ED52956DEF4FA57BE87AD7CEEA2231DCBBC204301C77F59E96665B3957656961064A02EEAEF0505FEA4A113BC9FBFB4725DCC7DE7051FFBBCDB3779D1F7B531CFEF8A79FD9E52EF05000040D459569A587926E6B14EA55EF3B9F753176DFDBDCACEB1F28E176048712257124146FDA6E8F7075E237FC36BB8F10CB172B995EF7B07C6AC52CF8FA33A0100002A648E951B63EE5F5FC17E7730592A8889DFF59BF20033ADBC65A59F952F5CD923107D5D74E4E266EFF9EBA83A000080A3F289D7EFD2EA50055E39A302EF5B68E53C77603278762257122319F59B7200BFB332C12BDAB25EF980EBBC4859B97E1A926B6F65B93B30CF22E3309F1BFB5E0000001CB0C2CAFFB132CFCA672E3A817BBD8BA6B1974773615FB3B2D2CA062BF90419A8AB94FF37D7CA4756DAB8E8C4EE77BDE71EB5F2B1956F5D3455EA01EF75CDBD83636F399F1BFBDE8B1C13BF010000623DEF152DC2A339AFB169508152AF8DBDFF2B2BF7BAE884F17D0419A8AB1450B4F71A78B054637DD01D582E4D8F77F102916DEED08946A50F86D2EF050000C0A1F61CC57B762643C510642476032F1D207C77049F497001000080A3C2C46F0000000004194035292A2E2EA616EA00EFEF504C1B4212B621BE3F41DB07410690603EDDB163C746AAA1F6151414B8468D1A7D4D1B4212B621BE3F41DB0741069060F2B66CD9B2866AA87D3B7746E6C4CDA20D2109DB10DF9FA8EDB6CF7C5D10640055291C0EBFBC69D3A693EC6721B551BBD6AF5FBF73DFBE7DE3694348B636C4F7276AA1EDB7B2D2C1BB7D9595FBA94510640055A85FBF7E0B8A8B8B3F5FB162C547D446ED59B76E5D919D20175E74D1451FD386906C6D88EF4FD442DBD75E5883AC8C70D14DE57E4F4D822003A8627692BC63C3860DDDB66DDBF605B551F376EFDEED56AD5A55180C067F491B4215B6A18E31B773ADA45353B47DBE3F4B689FADD956AEF1028E74EF38012A25952A000E78E18517B65C73CD350BBEFDF6DB412D5AB458D7A4499363A9951A3B41863EFFFCF3ADD651B9A65FBF7EB36943A8C236D4C3455342065A39DECA5756B65363B4FD24FFFE1CE10E6CE47B8F95E156DA5A49B332CC4A4B2B0BA85D10640055E4B9E79EFBEAEAABAF5EB269D3A6117BF7EE7DAB4D9B362704028146D44CF5F9FAEBAFBF5CBA7469C04E90D7F6EDDB773A6D0855D0863479D55F6CA86FE50000168849444154C673B595C7AC6CB0F237EFB13DD41A6D3FC9BF3F357FE6A7569EB0F2AA95F9DEB1A280E3662B5BBCC0FC736A19041940159E28AFBAEAAAD7F6ECD93360EDDAB5CD77EDDAF5AE9D2837A5A5A5354F4949694A0D558ED671DFB163C75756B74B962D5B56BC75EBD6D5F6586E7D1EC1A00D550FAB3FF7E28B2FBA534F3DD559DD1D491BBAC14A5F17BD123BCE0B3234B955A9204A0BF91781066D3F11BE3FD7AF5FFFCDD4A953E7CD9933E7D9254B96141CC1472988B8D3CACFAD680EC7B1DE71F28A95C52E3ADAA7A570077BCF7D45EDE34804A802A07C6FBCF1460F3B41FECC6EF6B192E3A243C9A89CA0D7F9CBB3F272A24FD0A50D1DBD8F3EFAC859C7C9B56EDDDA0D1C38D0356CD8F048DA90EA7BAC95BF5A19ED3D76938BE69DEB6FF0828B5ECD056DBFDE7E7F8E1B374EA94DBFB2B222140A9D3B65CA94C3ED57D2C37BFF182B935D743E86F3028C0956BA58D167BCE53DAEBFD9E356AEA5EA41900100480823468C68555858F8A9DDEC6C65FAC68D1B2FCBCBCB0BC6797903AF43A420E2442B0FBA68EAC789DEF3EA8CCDF23A4F695EC7EC4FD43212E018996837FB7BC1C18F274D9A34AF9CB7FCC2CA102B7FD631E53D76BF1778F8F7077AC14C1E81388E16E95200803A6BC18205855DBB769D929292A2948D5ECD9A35CB6ED7AEDDCBAB57AF2E2EE3E57AEC4A179DE4AD34905B5D34E543E577565EB372B28BE69EAB03A55CF34BBDF76DA1B6515F8F91B66DDB4E4E4F4F57DBEE1D0E87AFC8CECE5EB878F1E21571DEB2C4CA9B5696BAE8A46FAD24B5DC0BE4BFF58E17DDD7B2B6177A81466C207F9B1778B0C33B08320000F597F2CCB3B2B23402911B08047A5AA0D1223F3F3FDE8EC6BA9AFB7D2BBF76D139179A83F1AC8BA682BC6F65ABF79AC55E076BBD955BACBC4D4DA3BE52D06D41C5AB19191927DA31728E8E153B6636D863F3CB78B9026C6D0B7EAC1730E838F95F2B735D34AD4DC74C37EF75FFE3BD27D3CA792E3ACF69B6178CECA4E641900100A8D7ACB3B4253B3BFBCD70387C9575A2CEB30ED40E7BACAC7918EA002900515EB92619FFD64527B2B670D12BB7BA4ADBC00B34745FA955EFB9032B5101F59605DFAF65666686BC606190DD6ED0B66DDB0FE28CFC2948D0C4EEDE56E678C7808E09052903ACFC31E6B58FEAE3AD8CF78EABD531CF35E0F801410600A0DE5AB468D146EB347DE9A2294E03ED76BE051A4BE2BC3CDB45D3A554346AD1D14527BCEAF5BA2A7BB9175C1494EA207574ECA181FA1D90BF6F41F82ABBF9232B17A6A7A777B240E3B5388186DABAD2067FE3A273320ABD6344237BC19800E25F5E30A2E3E67B2E3AEAA1D5DAEEF18EC799D43C08320000F5B903B5C43A506B5C747DFF4B33323216E6E7E72F2FE3A55A6EB3B98BA64429B563851778F4F73A4723BD0043B735315C135D077941C6C7D434EAF971F279B76EDD3E0904020A34CEB640A3674E4ECE2B0B162C286BD10405161A01BCCE4537AB5CED0E4CF6FEA517487CE6A293C2F553A95417596967E50B2F20F9965A07410600A0DE77A02CB828B20E547F2B5758D0F1699C49AEBA42DBCF45E75D28EF5C231AAD5D34E5C3F72B2FC878D24527B81260202158F0FD951D1B1FB9E848438F6030D8BB6BD7AEB3E2ECA5A1D10A8D4E681278EC22080A3E9659E9E905EC9AEC7DA3175C3CE5A2E955FA7C0533EF53EB20C80000D4F70ED46C0B345A69926B381C1ED8BD7BF7594AA78A1368281564B58B8E5C2CF51E6FEB75AC149C6834433B1C6B694F3F854A3A3A52A750BF03F2AFED389969C7895689CA494949519AE10C7B3C5EBBCEF30289B35D7409E853BDE023CF3B16B4ECAD1651F8A78BEE9DD1D27BFD7CC76A5320C800002448A031CB3A4C9DAD03D54B8186DD7E254EE749A3135ABE5679E3FE8A384AB7BADECAA7DEF31F5A59EBA2A9207DBCA0E3387760A332A0BE1E27DFE6E4E44C0806830A1C72EC5819919595F5B61D2BEBCB799BD20D5FF6020C2D6DDBC20BC2956EA50DFC6EF702F2465E00BF809A06410600206158E769A6759E7A789DA73ED9D9D92F5BE7694FA997F91D238D50E47A1DA3D75D34BF5C5778FD55A7AEF07E3EE7A2135D9536F20DB58CFA4E7B69D8B13239140A2960D0CEEB576A118572164EF069B44FC1C8602FF0D08EE03778B735474313C3B573F814174DA7020832000009D1790A76EDDAF5B59494947EDA43C3028D7EDDBA759BB064C992D21D9E7D5EB0A100A48F8BAEF9AF09E3795ED0F1903BB059DF16EFB5C3AD9CE4B84A8B043956DAB66DFBAA569BF2028D2B2CD0D86481C6BCC3C5F22E3AC2A739189A10AE913FAD34A5F94D1AF1BBDC3BAE00820C0040E25040E1051A832DD0E8623F7B5AC769429C976B333EA580685F8013BD8E92F2CC5FF5020E051FDA9C6FA195192E7AC5B6805A4622F036ED7B252B2B2BCD0B1406EAB6051FEFC559E2D63F667E62E5137760D529CD757ACC0BC40BA959106400001235D028C8CCCC54A07095956CBBDDC13A53330EF33605180F7A4185AED60E75D17919F7B968EA9452A55653BB4834766CBCAD510C175DD2F9BCF4F4F4932DD0981127D0D0A89E5698FA6F174D23544A618A8BCEC9D84A6D8220030090E81DA7EDDA15BCB8B838371008F4D632B75A85AA9CB7E84AECCF5D7432B856C7D126634A0951CAD48FADAC21C840021F2FF3B4FCB38BEE0FD3AB79F3E6E7E4E4E44C89B39786028B775D744529ED3FA349E4B3BD000420C8000024362D636BC1C56716645C69A59F75A27658672ADEDE17DDBD20C2BF1AABDC74ED9BA18DC6EE72D1E56D81440E3456D8F1F29AF69BB1BB99C160B06F6666E6DB715669535A94569CD2C6955AC2763D3508820C0040D2F036215BE5BC4DC2CA99DC9A67E50E17DD58CC9F77A109AE1AE160A51C24CBF1F26DD7AE5D5F494949D1867AD956FA7B9BF695950A55EC1D37ECF00D820C0040F2D1AEE01668ECB29B7D156894B32BB876447ED84597B3EDE3A2BB16EFA406914C1450E4E4E43C1F0C06750CF4B080E33A0BCE3FB2636635B503820C00000E0E343EB68E52232F781864B7DF2C630332E5946BD51C4D1A7FC51DD8111C482ADA4BA36DDBB6CF366BD62C3B1008684463704646C6AAFCFCFCC5D40E083200003838D078D73A4A275AA74913552FEDDAB5EBAB65A481688DFF718E8DF790E4B4BA94051593B3B2B2BAD8DD9E76DC28D0F8CE1E9B4BED802003008018EDDAB59B999E9EDECB45D3402ED552B77126B6028806E72F5B70D14AC1B915CD6B6AD0B66DDB0FCAD94B0320C800002417758C3482919A9AAA40A3A795BE59595953AC23C52EC5401CF9F9F9B3B43A9B8BCE6BEAA3BD3472727266C559E21620C80000241FED0A6E1DA4D782C160AEDD3D3D1008F42C674F00002E3AAF292323E35F5A0EDAEE9E130A85CEE6B801410600003134B1B57BF7EE2F87C3E12BED6EF6FEFDFB33DBB56BF7322920407CF9F9F9CBB3B2B2B40A9B9684D65E1AFDBD451448390441060000B268D1A29DD9D9D96F5BA03158A3194A0169DBB6ED0C020D203E0B28BECEC8C898E98D68645A196C81C74C7B7C0BB503820C0000A281C6460B34DEB440E32ABBDBAB59B3662D947F4ECD00F1799BF64D494949E96377B5FAD408F6D20041060000A5020DEB207D69372F0D0402BD35C155F9E7D40C10DF92254B0A2CD098688186F6D1D088466E4646C642A55495F5FA2143864CB5E75EA2E608320000481A16542CB10ED20E2DD16977FB5BA0B1D01E63333EA0FC40438B28BC120C067BD8DD6E76FC5C6101FB663B76E6C5BE2E3737376CCF75B3E7DE63B48320030080A4A24DC6AC1314B29B17BA689EF9BBCA3FA76680F8B4BA941D2713EDD8E96077B534F440BBDDD6BCA9F94D1660688E53C07B794F7BFC29E63D116400009054ACB3F4BE3A487653BB825F999D9D3D43E9547A4E5763EDB951F69ADF5253C021C7CE0C3B3E36D9CDFE3A7EB49082DD9F16136048FBE6CD9BAFB5D7CEA7C608320000482ABA026B1DA1D3ED668F70383CC83A4A2F5BD9E63F9F9595D545BB205353C02181C63C3B3E16D9CD415672E2BCECDC9C9C9C27B48C34354690010040D2502A87758266048341ED6EAC95736E2FF592CCAE5DBB4E58B264C9566A0B3824D0586A81C67B76F3BA382F69120A85F4BAB7A9ADE49142150000E0DCF8F1E37595F5ECB827CC9494BBA825A06CE170F883C33C7F676E6E6E476A8A20030080A4A2F917E53D1F0804460C193224939A028EECD8F1287BE6BFA92D820C0000E8241DAC414A4ACA7DD41650E6B113AAC0CB07DBEBFB506BC92140150000E824555830140A759D3265CA0A6A0EC96EC48811AD0A0B0B4786C3E15F05028156DEC3FBAC348AF71E7BEDC24D9B36E5E4E5E505CB7A7ED8B061270683C141F679E7DB5DEDC5A16572D3AD289D71A3BD7F813DF7616A6AEAA40913267CC35F81200300803AE7F2CB2FEFD0A04183C7ACE392EBF7812A706E1C3F69D2A46BA93DA024D848B36043C7D02DEEC00A53FB5D3445EA90AC190B12AE9F3871E253B18F0D1D3A54AB53DD62C7626FFB9956C15F9D679F35CE3EEB05FE0A04190000D4C560A3B3051BBF8B0936E2D1866229F6BAACC993272FA6E6808379E9500A36143434F01E0EB9835734DD969696D669FCF8F1DBBDC9E08FBBE85E1B476B762814BA961146820C0000EA6CB0919A9AFA70A90E525918CD00CAA1B4A7E2E2628D4CFCC2EEB62DFD7C4A4ACA9F2C30F82C10088C897DDE8E3F979999E9CE3AEB2CD7B97367D7AA552BD7BC7973B767CF1EB77DFB762D37EDE6CE9DEBE6CF9FEFF6EFDF7FA0431B08ECB61F3731AA41900100409D3574E850ED95F1A075902E7765EF2915B2CE50C7D89C7072C98143C549A58AB0632264C744AA1F5C5C72C925AE5FBF7EAE5DBB7687FD5C051C3366CC703367CE74DA832326D83824150B04190000D4B960C33A425A51EAAA329E7E7DD2A44997904B0E548C52A9ACDDDF6DC7CAC5B18F1F7FFCF1EEF6DB6F77279D74D2117FE6DAB56BDD983163223F63028DE11C5B04190000D49760E33F7433F6717BEC63EBD09C5D898F26971CC9166874B46366BE1D3BC7E8FE19679CE1468E1C1949893A5A4AA51A3D7AB45BB468911F6428752AC7028DA5D43841060000F522D8B01FA34B5F891572C9810A1D436FDAF1D357B73582316AD4A84A0518B181863E2B664463F6A44993CEA5C66B4F2A55000040C52C5EBC784B4646C6760B0C86386F694E051703060C70B7DC728BBBF8E28BDDA9A79EEA5AB66CE91A376E1C794FC3860D239D28A5829C7DF6D9EE820B2E5060E156AE5CA99110BD447B0AFC342B2B6B9D7DFE7C6A19091C600CB2367FAF7FDCDC7FFFFD159A7F51113ACEBA74E9E2DE79E71DFFB83AD98EA995764C7D4ECD1364000050A70D193224D70284C9CE5B794A5762D551EADDBBB76BD6AC59853E232D2DCD656767BB33CF3CD32D5DBAD4EDDCB9D37FEA523A454864D6BEB5925427DD5660AEE3A62A29B8DFB76F9F5BB66C99FFD0B1763C3D43CDD78E14AA000080C3F372C9C7F8018672C9959E7134935545EFD3FBADE315FBF0DFBD942C20A168F5B57038DC47B7FD95A4AA43FFFEFD23A31A9EDEDE3E1C20C80000A06EB20063ACF3D6F3D708466527AB4AD3A64D0F5A55C73A61CDAC8CA5B69168B4BCB31FA077EFDEDDB56EDDBA5A7E8FE642F5ECD933F6A1C1D43E410600007592974B1E99ACAAABB00A0CAA62B2AA1F68DC7AEBAD91CFF5F4B6DF7715B58E040BD2CFF76FF7EAD5AB5A7F57A9CF3F9FDA27C80000A0AEBAC5BFA1348FA34D918A479F3770E0C092FB16D0DC489523C1F4F06F74EAD4A95A7F51C78E1DCBFCBD20C80000A0CE20971CA8121DFC1B4A69AA4EA53EBF2D554F900100409D432E395025D2FD1B55956A188F521063A451F504190000D439E4920355A2C0BFB16BD7AE6AFD45DA982F4621554F900100405D442E3950791BFD1BDBB76FAFD65F54EAF3B750F504190000D445E4920395B7C0BFF1D5575F55EB2F5ABD7A7599BF1704190000D425E4920395140E87DFF36FCF9D3BB75A7F57A9CF7F8FDA27C80000A02E22971CA8A4060D1A4CB31F41DD5EB870A1DBBA756BB5FC1EA54ACD9F3F3FF6A1A9D43E410600007511B9E440254D9830E19B402090A7DBA150C8CD9C39B35A7ECFEBAFBFEEF6EFDFEFDF9D3D69D2A4D5D43E410600007511B9E440D5F8AB7F4341C6DAB56BABF4C3F579D3A74F2FB96F41CD135439410600007512B9E440D5983871A252A6F2745BA3198F3DF658B8AA5210956A3866CC98C8E77A666FD8B06112B54E900100409D442E3950A5AE755E2AA0050181471F7DB4D2739D14608C1E3D3A7664A42010085C9F979717A4BA6B4F2A550000407C8B162DDA999595759EDDEC140E875D4A4A8ACBCECEAEF2DF336DDA34B764C912FFAE72C91FA3F69168162F5EBC3D232363AD050183EC6ECA77DF7DE7E6CD9B17EED6AD5BA065CB9647FC790A2C1E79E411F7E5975F963C669FFDF3891327BE436D1364000050A75990A14BADB9BABD72E54A77E69967BAA3E91095D7517AFCF1C7959AE57792EEB3CED8E7D43C12517E7EFEE2CCCC4C0D3B0C54A05150501078E79D77DCDEBD7BDDC9279FECD2D20EBF7AB346FE1498EBB8895D30C18EA17B2C40FF1BB54C900100409D671DFEA5D629EA63373B2A10B0FBE173CE3927D0B871E34A7FB6523D742536A6A3347BE3C68D77AE5EBDBA989A47021F530B32323234FCD0D782EA341D57CB972F8FAC0EA5403E180CBAD4D4D4C8C8A18E331D279B376FD6C86224B8183F7EBC829592C0DC45979ABE71F2E4C9FF43EDD60D01AA000080C3CBCDCDED683F3E75DE4EDC679C71861B397264A536E8F373C9D571F23B4AD6E13A73E2C4894BA97124CB71656D7EAC050B7D2BF131B3350783E3A66E61240300800A20971CA89EE3CACAF3999999F9D6FE5BDB4327BB8A2F4C34DBCA831B376E1C397DFAF46FA9CDBA85910C00008E406E6EEE08FB31D64A03DD574AC725975CE2060C18E05AB56A75D8F72B2D4A29215ACF3F66B9CD482EF9E4C993FF8B1A46321B366CD889C5C5C583ED78F881DDCDB1D2C18A266914BAE8AA54DA3F46CB3B4F65A33D820C000012CA9021433409FCF1402050125528D8E8DEBDBBEBD5AB97EBD4A95324E0502A9552A2145868A3BDCF3EFB2CB24C6D616161ECC72997FC56EB308DA766011064000090C4C8250700820C0000AA2BD8186C81C28D166CF4715E0A5545820B2BE3366EDCF8021B860155A291951F59994655106400009030C825076A551B2B1A116C475500000000108D029EE0E2AF2CD5C24A7A9CF71DE705199BA9C6BAF507050000006ACBB55646BAE84844B695DBACBCEE3DA7DDF6265939C3CA4956465B7928E67D8F58F9C44A47AA110000E000E5920FA21A90A43A5B59E2A2A985728A95E531CF87BDC04334D251E0DD56C0B1C91D488FD24F4632EA1046320000A85DDA325CFB6E306115C9E82C2B4DAC3C13F358A752AFF9DCFBB9CE4A33EFF63956DE89092C8AA94A820C000012ED5CDADECA86381D9D16DEE30565BC4F575FF75185487273ACDC1873FFFA0A1E77ACCC46900100404222971CA89C4FBC63A3B917A8CBF7AD7C7698F72DB4F207179D0C5EE00EA45481200300807A4DB9E4775AE9E9A2CBD42A97FC4D2BA7C7BCE661174DF5502EF9322FC850C0F15F56BAB968AA87463396509D48522BACFC1F2BF3BCC04241F77A2BFD0FF3BEC5565EB3B2D20B4EF2A94A820C00001201B9E440D578DE2B4D5D347D30360DAAF49E6EB1F77F65E55E2FC827ED902003008084412E395075F61CC57B76526D75530A550000C051512E793F17CD252FF0CA1915789F72C9CF7307361623971C40C26124030080A3432E39000000806AA35CF223BD70A7A56D1B51750000000000000000000000000000000000000000000000000000000000000000000000000000000000000000000000000000000000000000000000000000000000000000000000000000000000000000000000000000000000000000000000000000000000000000000000000000000000000000000000000000000000000000000000000000000000000000000000000000000000000000000000000000000000000000000000D43DFF1F442C286A3166FCF30000000049454E44AE426082, null);

-- ----------------------------
-- Table structure for act_ge_property
-- ----------------------------
DROP TABLE IF EXISTS `act_ge_property`;
CREATE TABLE `act_ge_property` (
  `NAME_` varchar(64) COLLATE utf8_bin NOT NULL DEFAULT '',
  `VALUE_` varchar(300) COLLATE utf8_bin DEFAULT NULL,
  `REV_` int(11) DEFAULT NULL,
  PRIMARY KEY (`NAME_`)
) ENGINE=InnoDB DEFAULT CHARSET=utf8 COLLATE=utf8_bin;

-- ----------------------------
-- Records of act_ge_property
-- ----------------------------
INSERT INTO `act_ge_property` VALUES ('next.dbid', '52501', '22');
INSERT INTO `act_ge_property` VALUES ('schema.history', 'create(5.22.0.0)', '1');
INSERT INTO `act_ge_property` VALUES ('schema.version', '5.22.0.0', '1');

-- ----------------------------
-- Table structure for act_hi_actinst
-- ----------------------------
DROP TABLE IF EXISTS `act_hi_actinst`;
CREATE TABLE `act_hi_actinst` (
  `ID_` varchar(64) COLLATE utf8_bin NOT NULL,
  `PROC_DEF_ID_` varchar(64) COLLATE utf8_bin NOT NULL,
  `PROC_INST_ID_` varchar(64) COLLATE utf8_bin NOT NULL,
  `EXECUTION_ID_` varchar(64) COLLATE utf8_bin NOT NULL,
  `ACT_ID_` varchar(255) COLLATE utf8_bin NOT NULL,
  `TASK_ID_` varchar(64) COLLATE utf8_bin DEFAULT NULL,
  `CALL_PROC_INST_ID_` varchar(64) COLLATE utf8_bin DEFAULT NULL,
  `ACT_NAME_` varchar(255) COLLATE utf8_bin DEFAULT NULL,
  `ACT_TYPE_` varchar(255) COLLATE utf8_bin NOT NULL,
  `ASSIGNEE_` varchar(255) COLLATE utf8_bin DEFAULT NULL,
  `START_TIME_` datetime NOT NULL,
  `END_TIME_` datetime DEFAULT NULL,
  `DURATION_` bigint(20) DEFAULT NULL,
  `TENANT_ID_` varchar(255) COLLATE utf8_bin DEFAULT '',
  PRIMARY KEY (`ID_`),
  KEY `ACT_IDX_HI_ACT_INST_START` (`START_TIME_`),
  KEY `ACT_IDX_HI_ACT_INST_END` (`END_TIME_`),
  KEY `ACT_IDX_HI_ACT_INST_PROCINST` (`PROC_INST_ID_`,`ACT_ID_`),
  KEY `ACT_IDX_HI_ACT_INST_EXEC` (`EXECUTION_ID_`,`ACT_ID_`)
) ENGINE=InnoDB DEFAULT CHARSET=utf8 COLLATE=utf8_bin;

-- ----------------------------
-- Records of act_hi_actinst
-- ----------------------------
INSERT INTO `act_hi_actinst` VALUES ('47506', 'LeaveBill:1:47504', '47505', '47505', 'startEvent', null, null, 'start', 'startEvent', null, '2017-12-15 09:59:57', '2017-12-15 09:59:57', '4', '');
INSERT INTO `act_hi_actinst` VALUES ('47509', 'LeaveBill:1:47504', '47505', '47505', 'userTask1', '47510', null, '', 'userTask', '1', '2017-12-15 09:59:57', '2017-12-15 09:59:57', '996', '');
INSERT INTO `act_hi_actinst` VALUES ('47512', 'LeaveBill:1:47504', '47505', '47505', 'userTask2', '47513', null, '', 'userTask', null, '2017-12-15 09:59:57', null, null, '');
INSERT INTO `act_hi_actinst` VALUES ('50002', 'LeaveBill:1:47504', '50001', '50001', 'startEvent', null, null, 'start', 'startEvent', null, '2017-12-15 11:18:44', '2017-12-15 11:18:44', '16', '');
INSERT INTO `act_hi_actinst` VALUES ('50005', 'LeaveBill:1:47504', '50001', '50001', 'userTask1', '50006', null, '', 'userTask', '1', '2017-12-15 11:18:44', '2017-12-15 11:18:44', '975', '');
INSERT INTO `act_hi_actinst` VALUES ('50008', 'LeaveBill:1:47504', '50001', '50001', 'userTask2', '50009', null, '', 'userTask', '3', '2017-12-15 11:18:44', '2017-12-15 11:19:06', '22492', '');
INSERT INTO `act_hi_actinst` VALUES ('50013', 'LeaveBill:1:47504', '50001', '50001', 'userTask3', '50014', null, '', 'userTask', null, '2017-12-15 11:19:06', null, null, '');

-- ----------------------------
-- Table structure for act_hi_attachment
-- ----------------------------
DROP TABLE IF EXISTS `act_hi_attachment`;
CREATE TABLE `act_hi_attachment` (
  `ID_` varchar(64) COLLATE utf8_bin NOT NULL,
  `REV_` int(11) DEFAULT NULL,
  `USER_ID_` varchar(255) COLLATE utf8_bin DEFAULT NULL,
  `NAME_` varchar(255) COLLATE utf8_bin DEFAULT NULL,
  `DESCRIPTION_` varchar(4000) COLLATE utf8_bin DEFAULT NULL,
  `TYPE_` varchar(255) COLLATE utf8_bin DEFAULT NULL,
  `TASK_ID_` varchar(64) COLLATE utf8_bin DEFAULT NULL,
  `PROC_INST_ID_` varchar(64) COLLATE utf8_bin DEFAULT NULL,
  `URL_` varchar(4000) COLLATE utf8_bin DEFAULT NULL,
  `CONTENT_ID_` varchar(64) COLLATE utf8_bin DEFAULT NULL,
  `TIME_` datetime DEFAULT NULL,
  PRIMARY KEY (`ID_`)
) ENGINE=InnoDB DEFAULT CHARSET=utf8 COLLATE=utf8_bin;

-- ----------------------------
-- Records of act_hi_attachment
-- ----------------------------

-- ----------------------------
-- Table structure for act_hi_comment
-- ----------------------------
DROP TABLE IF EXISTS `act_hi_comment`;
CREATE TABLE `act_hi_comment` (
  `ID_` varchar(64) COLLATE utf8_bin NOT NULL,
  `TYPE_` varchar(255) COLLATE utf8_bin DEFAULT NULL,
  `TIME_` datetime NOT NULL,
  `USER_ID_` varchar(255) COLLATE utf8_bin DEFAULT NULL,
  `TASK_ID_` varchar(64) COLLATE utf8_bin DEFAULT NULL,
  `PROC_INST_ID_` varchar(64) COLLATE utf8_bin DEFAULT NULL,
  `ACTION_` varchar(255) COLLATE utf8_bin DEFAULT NULL,
  `MESSAGE_` varchar(4000) COLLATE utf8_bin DEFAULT NULL,
  `FULL_MSG_` longblob,
  PRIMARY KEY (`ID_`)
) ENGINE=InnoDB DEFAULT CHARSET=utf8 COLLATE=utf8_bin;

-- ----------------------------
-- Records of act_hi_comment
-- ----------------------------

-- ----------------------------
-- Table structure for act_hi_detail
-- ----------------------------
DROP TABLE IF EXISTS `act_hi_detail`;
CREATE TABLE `act_hi_detail` (
  `ID_` varchar(64) COLLATE utf8_bin NOT NULL,
  `TYPE_` varchar(255) COLLATE utf8_bin NOT NULL,
  `PROC_INST_ID_` varchar(64) COLLATE utf8_bin DEFAULT NULL,
  `EXECUTION_ID_` varchar(64) COLLATE utf8_bin DEFAULT NULL,
  `TASK_ID_` varchar(64) COLLATE utf8_bin DEFAULT NULL,
  `ACT_INST_ID_` varchar(64) COLLATE utf8_bin DEFAULT NULL,
  `NAME_` varchar(255) COLLATE utf8_bin NOT NULL,
  `VAR_TYPE_` varchar(255) COLLATE utf8_bin DEFAULT NULL,
  `REV_` int(11) DEFAULT NULL,
  `TIME_` datetime NOT NULL,
  `BYTEARRAY_ID_` varchar(64) COLLATE utf8_bin DEFAULT NULL,
  `DOUBLE_` double DEFAULT NULL,
  `LONG_` bigint(20) DEFAULT NULL,
  `TEXT_` varchar(4000) COLLATE utf8_bin DEFAULT NULL,
  `TEXT2_` varchar(4000) COLLATE utf8_bin DEFAULT NULL,
  PRIMARY KEY (`ID_`),
  KEY `ACT_IDX_HI_DETAIL_PROC_INST` (`PROC_INST_ID_`),
  KEY `ACT_IDX_HI_DETAIL_ACT_INST` (`ACT_INST_ID_`),
  KEY `ACT_IDX_HI_DETAIL_TIME` (`TIME_`),
  KEY `ACT_IDX_HI_DETAIL_NAME` (`NAME_`),
  KEY `ACT_IDX_HI_DETAIL_TASK_ID` (`TASK_ID_`)
) ENGINE=InnoDB DEFAULT CHARSET=utf8 COLLATE=utf8_bin;

-- ----------------------------
-- Records of act_hi_detail
-- ----------------------------

-- ----------------------------
-- Table structure for act_hi_identitylink
-- ----------------------------
DROP TABLE IF EXISTS `act_hi_identitylink`;
CREATE TABLE `act_hi_identitylink` (
  `ID_` varchar(64) COLLATE utf8_bin NOT NULL DEFAULT '',
  `GROUP_ID_` varchar(255) COLLATE utf8_bin DEFAULT NULL,
  `TYPE_` varchar(255) COLLATE utf8_bin DEFAULT NULL,
  `USER_ID_` varchar(255) COLLATE utf8_bin DEFAULT NULL,
  `TASK_ID_` varchar(64) COLLATE utf8_bin DEFAULT NULL,
  `PROC_INST_ID_` varchar(64) COLLATE utf8_bin DEFAULT NULL,
  PRIMARY KEY (`ID_`),
  KEY `ACT_IDX_HI_IDENT_LNK_USER` (`USER_ID_`),
  KEY `ACT_IDX_HI_IDENT_LNK_TASK` (`TASK_ID_`),
  KEY `ACT_IDX_HI_IDENT_LNK_PROCINST` (`PROC_INST_ID_`)
) ENGINE=InnoDB DEFAULT CHARSET=utf8 COLLATE=utf8_bin;

-- ----------------------------
-- Records of act_hi_identitylink
-- ----------------------------
INSERT INTO `act_hi_identitylink` VALUES ('47511', null, 'participant', '1', null, '47505');
INSERT INTO `act_hi_identitylink` VALUES ('47514', 'department_manager', 'candidate', null, '47513', null);
INSERT INTO `act_hi_identitylink` VALUES ('50007', null, 'participant', '1', null, '50001');
INSERT INTO `act_hi_identitylink` VALUES ('50010', 'department_manager', 'candidate', null, '50009', null);
INSERT INTO `act_hi_identitylink` VALUES ('50011', null, 'participant', '3', null, '50001');
INSERT INTO `act_hi_identitylink` VALUES ('50015', 'general_manager', 'candidate', null, '50014', null);

-- ----------------------------
-- Table structure for act_hi_procinst
-- ----------------------------
DROP TABLE IF EXISTS `act_hi_procinst`;
CREATE TABLE `act_hi_procinst` (
  `ID_` varchar(64) COLLATE utf8_bin NOT NULL,
  `PROC_INST_ID_` varchar(64) COLLATE utf8_bin NOT NULL,
  `BUSINESS_KEY_` varchar(255) COLLATE utf8_bin DEFAULT NULL,
  `PROC_DEF_ID_` varchar(64) COLLATE utf8_bin NOT NULL,
  `START_TIME_` datetime NOT NULL,
  `END_TIME_` datetime DEFAULT NULL,
  `DURATION_` bigint(20) DEFAULT NULL,
  `START_USER_ID_` varchar(255) COLLATE utf8_bin DEFAULT NULL,
  `START_ACT_ID_` varchar(255) COLLATE utf8_bin DEFAULT NULL,
  `END_ACT_ID_` varchar(255) COLLATE utf8_bin DEFAULT NULL,
  `SUPER_PROCESS_INSTANCE_ID_` varchar(64) COLLATE utf8_bin DEFAULT NULL,
  `DELETE_REASON_` varchar(4000) COLLATE utf8_bin DEFAULT NULL,
  `TENANT_ID_` varchar(255) COLLATE utf8_bin DEFAULT '',
  `NAME_` varchar(255) COLLATE utf8_bin DEFAULT NULL,
  PRIMARY KEY (`ID_`),
  UNIQUE KEY `PROC_INST_ID_` (`PROC_INST_ID_`),
  KEY `ACT_IDX_HI_PRO_INST_END` (`END_TIME_`),
  KEY `ACT_IDX_HI_PRO_I_BUSKEY` (`BUSINESS_KEY_`)
) ENGINE=InnoDB DEFAULT CHARSET=utf8 COLLATE=utf8_bin;

-- ----------------------------
-- Records of act_hi_procinst
-- ----------------------------
INSERT INTO `act_hi_procinst` VALUES ('47505', '47505', 'LeaveBill:10', 'LeaveBill:1:47504', '2017-12-15 09:59:57', null, null, null, 'startEvent', null, null, null, '', null);
INSERT INTO `act_hi_procinst` VALUES ('50001', '50001', 'LeaveBill:11', 'LeaveBill:1:47504', '2017-12-15 11:18:44', null, null, null, 'startEvent', null, null, null, '', null);

-- ----------------------------
-- Table structure for act_hi_taskinst
-- ----------------------------
DROP TABLE IF EXISTS `act_hi_taskinst`;
CREATE TABLE `act_hi_taskinst` (
  `ID_` varchar(64) COLLATE utf8_bin NOT NULL,
  `PROC_DEF_ID_` varchar(64) COLLATE utf8_bin DEFAULT NULL,
  `TASK_DEF_KEY_` varchar(255) COLLATE utf8_bin DEFAULT NULL,
  `PROC_INST_ID_` varchar(64) COLLATE utf8_bin DEFAULT NULL,
  `EXECUTION_ID_` varchar(64) COLLATE utf8_bin DEFAULT NULL,
  `NAME_` varchar(255) COLLATE utf8_bin DEFAULT NULL,
  `PARENT_TASK_ID_` varchar(64) COLLATE utf8_bin DEFAULT NULL,
  `DESCRIPTION_` varchar(4000) COLLATE utf8_bin DEFAULT NULL,
  `OWNER_` varchar(255) COLLATE utf8_bin DEFAULT NULL,
  `ASSIGNEE_` varchar(255) COLLATE utf8_bin DEFAULT NULL,
  `START_TIME_` datetime NOT NULL,
  `CLAIM_TIME_` datetime DEFAULT NULL,
  `END_TIME_` datetime DEFAULT NULL,
  `DURATION_` bigint(20) DEFAULT NULL,
  `DELETE_REASON_` varchar(4000) COLLATE utf8_bin DEFAULT NULL,
  `PRIORITY_` int(11) DEFAULT NULL,
  `DUE_DATE_` datetime DEFAULT NULL,
  `FORM_KEY_` varchar(255) COLLATE utf8_bin DEFAULT NULL,
  `CATEGORY_` varchar(255) COLLATE utf8_bin DEFAULT NULL,
  `TENANT_ID_` varchar(255) COLLATE utf8_bin DEFAULT '',
  PRIMARY KEY (`ID_`),
  KEY `ACT_IDX_HI_TASK_INST_PROCINST` (`PROC_INST_ID_`)
) ENGINE=InnoDB DEFAULT CHARSET=utf8 COLLATE=utf8_bin;

-- ----------------------------
-- Records of act_hi_taskinst
-- ----------------------------
INSERT INTO `act_hi_taskinst` VALUES ('47510', 'LeaveBill:1:47504', 'userTask1', '47505', '47505', '', null, null, null, '1', '2017-12-15 09:59:57', null, '2017-12-15 09:59:57', '991', 'completed', '50', null, null, null, '');
INSERT INTO `act_hi_taskinst` VALUES ('47513', 'LeaveBill:1:47504', 'userTask2', '47505', '47505', '', null, null, null, null, '2017-12-15 09:59:57', null, null, null, null, '50', null, null, null, '');
INSERT INTO `act_hi_taskinst` VALUES ('50006', 'LeaveBill:1:47504', 'userTask1', '50001', '50001', '', null, null, null, '1', '2017-12-15 11:18:44', null, '2017-12-15 11:18:44', '963', 'completed', '50', null, null, null, '');
INSERT INTO `act_hi_taskinst` VALUES ('50009', 'LeaveBill:1:47504', 'userTask2', '50001', '50001', '', null, null, null, '3', '2017-12-15 11:18:44', '2017-12-15 11:19:03', '2017-12-15 11:19:06', '22483', 'completed', '50', null, null, null, '');
INSERT INTO `act_hi_taskinst` VALUES ('50014', 'LeaveBill:1:47504', 'userTask3', '50001', '50001', '', null, null, null, null, '2017-12-15 11:19:06', null, null, null, null, '50', null, null, null, '');

-- ----------------------------
-- Table structure for act_hi_varinst
-- ----------------------------
DROP TABLE IF EXISTS `act_hi_varinst`;
CREATE TABLE `act_hi_varinst` (
  `ID_` varchar(64) COLLATE utf8_bin NOT NULL,
  `PROC_INST_ID_` varchar(64) COLLATE utf8_bin DEFAULT NULL,
  `EXECUTION_ID_` varchar(64) COLLATE utf8_bin DEFAULT NULL,
  `TASK_ID_` varchar(64) COLLATE utf8_bin DEFAULT NULL,
  `NAME_` varchar(255) COLLATE utf8_bin NOT NULL,
  `VAR_TYPE_` varchar(100) COLLATE utf8_bin DEFAULT NULL,
  `REV_` int(11) DEFAULT NULL,
  `BYTEARRAY_ID_` varchar(64) COLLATE utf8_bin DEFAULT NULL,
  `DOUBLE_` double DEFAULT NULL,
  `LONG_` bigint(20) DEFAULT NULL,
  `TEXT_` varchar(4000) COLLATE utf8_bin DEFAULT NULL,
  `TEXT2_` varchar(4000) COLLATE utf8_bin DEFAULT NULL,
  `CREATE_TIME_` datetime DEFAULT NULL,
  `LAST_UPDATED_TIME_` datetime DEFAULT NULL,
  PRIMARY KEY (`ID_`),
  KEY `ACT_IDX_HI_PROCVAR_PROC_INST` (`PROC_INST_ID_`),
  KEY `ACT_IDX_HI_PROCVAR_NAME_TYPE` (`NAME_`,`VAR_TYPE_`),
  KEY `ACT_IDX_HI_PROCVAR_TASK_ID` (`TASK_ID_`)
) ENGINE=InnoDB DEFAULT CHARSET=utf8 COLLATE=utf8_bin;

-- ----------------------------
-- Records of act_hi_varinst
-- ----------------------------
INSERT INTO `act_hi_varinst` VALUES ('47507', '47505', '47505', null, 'businessKey', 'string', '0', null, null, null, 'LeaveBill:10', null, '2017-12-15 09:59:57', '2017-12-15 09:59:57');
INSERT INTO `act_hi_varinst` VALUES ('47508', '47505', '47505', null, 'inputUser', 'long', '0', null, null, '1', '1', null, '2017-12-15 09:59:57', '2017-12-15 09:59:57');
INSERT INTO `act_hi_varinst` VALUES ('50003', '50001', '50001', null, 'businessKey', 'string', '0', null, null, null, 'LeaveBill:11', null, '2017-12-15 11:18:44', '2017-12-15 11:18:44');
INSERT INTO `act_hi_varinst` VALUES ('50004', '50001', '50001', null, 'inputUser', 'long', '0', null, null, '1', '1', null, '2017-12-15 11:18:44', '2017-12-15 11:18:44');
INSERT INTO `act_hi_varinst` VALUES ('50012', '50001', '50001', null, 'pass', 'boolean', '0', null, null, '1', null, null, '2017-12-15 11:19:06', '2017-12-15 11:19:06');

-- ----------------------------
-- Table structure for act_id_group
-- ----------------------------
DROP TABLE IF EXISTS `act_id_group`;
CREATE TABLE `act_id_group` (
  `ID_` varchar(64) COLLATE utf8_bin NOT NULL DEFAULT '',
  `REV_` int(11) DEFAULT NULL,
  `NAME_` varchar(255) COLLATE utf8_bin DEFAULT NULL,
  `TYPE_` varchar(255) COLLATE utf8_bin DEFAULT NULL,
  PRIMARY KEY (`ID_`)
) ENGINE=InnoDB DEFAULT CHARSET=utf8 COLLATE=utf8_bin;

-- ----------------------------
-- Records of act_id_group
-- ----------------------------

-- ----------------------------
-- Table structure for act_id_info
-- ----------------------------
DROP TABLE IF EXISTS `act_id_info`;
CREATE TABLE `act_id_info` (
  `ID_` varchar(64) COLLATE utf8_bin NOT NULL DEFAULT '',
  `REV_` int(11) DEFAULT NULL,
  `USER_ID_` varchar(64) COLLATE utf8_bin DEFAULT NULL,
  `TYPE_` varchar(64) COLLATE utf8_bin DEFAULT NULL,
  `KEY_` varchar(255) COLLATE utf8_bin DEFAULT NULL,
  `VALUE_` varchar(255) COLLATE utf8_bin DEFAULT NULL,
  `PASSWORD_` longblob,
  `PARENT_ID_` varchar(255) COLLATE utf8_bin DEFAULT NULL,
  PRIMARY KEY (`ID_`)
) ENGINE=InnoDB DEFAULT CHARSET=utf8 COLLATE=utf8_bin;

-- ----------------------------
-- Records of act_id_info
-- ----------------------------

-- ----------------------------
-- Table structure for act_id_membership
-- ----------------------------
DROP TABLE IF EXISTS `act_id_membership`;
CREATE TABLE `act_id_membership` (
  `USER_ID_` varchar(64) COLLATE utf8_bin NOT NULL DEFAULT '',
  `GROUP_ID_` varchar(64) COLLATE utf8_bin NOT NULL DEFAULT '',
  PRIMARY KEY (`USER_ID_`,`GROUP_ID_`),
  KEY `ACT_FK_MEMB_GROUP` (`GROUP_ID_`),
  CONSTRAINT `ACT_FK_MEMB_GROUP` FOREIGN KEY (`GROUP_ID_`) REFERENCES `act_id_group` (`ID_`),
  CONSTRAINT `ACT_FK_MEMB_USER` FOREIGN KEY (`USER_ID_`) REFERENCES `act_id_user` (`ID_`)
) ENGINE=InnoDB DEFAULT CHARSET=utf8 COLLATE=utf8_bin;

-- ----------------------------
-- Records of act_id_membership
-- ----------------------------

-- ----------------------------
-- Table structure for act_id_user
-- ----------------------------
DROP TABLE IF EXISTS `act_id_user`;
CREATE TABLE `act_id_user` (
  `ID_` varchar(64) COLLATE utf8_bin NOT NULL DEFAULT '',
  `REV_` int(11) DEFAULT NULL,
  `FIRST_` varchar(255) COLLATE utf8_bin DEFAULT NULL,
  `LAST_` varchar(255) COLLATE utf8_bin DEFAULT NULL,
  `EMAIL_` varchar(255) COLLATE utf8_bin DEFAULT NULL,
  `PWD_` varchar(255) COLLATE utf8_bin DEFAULT NULL,
  `PICTURE_ID_` varchar(64) COLLATE utf8_bin DEFAULT NULL,
  PRIMARY KEY (`ID_`)
) ENGINE=InnoDB DEFAULT CHARSET=utf8 COLLATE=utf8_bin;

-- ----------------------------
-- Records of act_id_user
-- ----------------------------

-- ----------------------------
-- Table structure for act_procdef_info
-- ----------------------------
DROP TABLE IF EXISTS `act_procdef_info`;
CREATE TABLE `act_procdef_info` (
  `ID_` varchar(64) COLLATE utf8_bin NOT NULL,
  `PROC_DEF_ID_` varchar(64) COLLATE utf8_bin NOT NULL,
  `REV_` int(11) DEFAULT NULL,
  `INFO_JSON_ID_` varchar(64) COLLATE utf8_bin DEFAULT NULL,
  PRIMARY KEY (`ID_`),
  UNIQUE KEY `ACT_UNIQ_INFO_PROCDEF` (`PROC_DEF_ID_`),
  KEY `ACT_IDX_INFO_PROCDEF` (`PROC_DEF_ID_`),
  KEY `ACT_FK_INFO_JSON_BA` (`INFO_JSON_ID_`),
  CONSTRAINT `ACT_FK_INFO_JSON_BA` FOREIGN KEY (`INFO_JSON_ID_`) REFERENCES `act_ge_bytearray` (`ID_`),
  CONSTRAINT `ACT_FK_INFO_PROCDEF` FOREIGN KEY (`PROC_DEF_ID_`) REFERENCES `act_re_procdef` (`ID_`)
) ENGINE=InnoDB DEFAULT CHARSET=utf8 COLLATE=utf8_bin;

-- ----------------------------
-- Records of act_procdef_info
-- ----------------------------

-- ----------------------------
-- Table structure for act_re_deployment
-- ----------------------------
DROP TABLE IF EXISTS `act_re_deployment`;
CREATE TABLE `act_re_deployment` (
  `ID_` varchar(64) COLLATE utf8_bin NOT NULL DEFAULT '',
  `NAME_` varchar(255) COLLATE utf8_bin DEFAULT NULL,
  `CATEGORY_` varchar(255) COLLATE utf8_bin DEFAULT NULL,
  `TENANT_ID_` varchar(255) COLLATE utf8_bin DEFAULT '',
  `DEPLOY_TIME_` timestamp NULL DEFAULT NULL,
  PRIMARY KEY (`ID_`)
) ENGINE=InnoDB DEFAULT CHARSET=utf8 COLLATE=utf8_bin;

-- ----------------------------
-- Records of act_re_deployment
-- ----------------------------
INSERT INTO `act_re_deployment` VALUES ('47501', 'leaveBill', null, '', '2017-12-15 09:59:11');

-- ----------------------------
-- Table structure for act_re_model
-- ----------------------------
DROP TABLE IF EXISTS `act_re_model`;
CREATE TABLE `act_re_model` (
  `ID_` varchar(64) COLLATE utf8_bin NOT NULL,
  `REV_` int(11) DEFAULT NULL,
  `NAME_` varchar(255) COLLATE utf8_bin DEFAULT NULL,
  `KEY_` varchar(255) COLLATE utf8_bin DEFAULT NULL,
  `CATEGORY_` varchar(255) COLLATE utf8_bin DEFAULT NULL,
  `CREATE_TIME_` timestamp NULL DEFAULT NULL,
  `LAST_UPDATE_TIME_` timestamp NULL DEFAULT NULL,
  `VERSION_` int(11) DEFAULT NULL,
  `META_INFO_` varchar(4000) COLLATE utf8_bin DEFAULT NULL,
  `DEPLOYMENT_ID_` varchar(64) COLLATE utf8_bin DEFAULT NULL,
  `EDITOR_SOURCE_VALUE_ID_` varchar(64) COLLATE utf8_bin DEFAULT NULL,
  `EDITOR_SOURCE_EXTRA_VALUE_ID_` varchar(64) COLLATE utf8_bin DEFAULT NULL,
  `TENANT_ID_` varchar(255) COLLATE utf8_bin DEFAULT '',
  PRIMARY KEY (`ID_`),
  KEY `ACT_FK_MODEL_SOURCE` (`EDITOR_SOURCE_VALUE_ID_`),
  KEY `ACT_FK_MODEL_SOURCE_EXTRA` (`EDITOR_SOURCE_EXTRA_VALUE_ID_`),
  KEY `ACT_FK_MODEL_DEPLOYMENT` (`DEPLOYMENT_ID_`),
  CONSTRAINT `ACT_FK_MODEL_DEPLOYMENT` FOREIGN KEY (`DEPLOYMENT_ID_`) REFERENCES `act_re_deployment` (`ID_`),
  CONSTRAINT `ACT_FK_MODEL_SOURCE` FOREIGN KEY (`EDITOR_SOURCE_VALUE_ID_`) REFERENCES `act_ge_bytearray` (`ID_`),
  CONSTRAINT `ACT_FK_MODEL_SOURCE_EXTRA` FOREIGN KEY (`EDITOR_SOURCE_EXTRA_VALUE_ID_`) REFERENCES `act_ge_bytearray` (`ID_`)
) ENGINE=InnoDB DEFAULT CHARSET=utf8 COLLATE=utf8_bin;

-- ----------------------------
-- Records of act_re_model
-- ----------------------------
INSERT INTO `act_re_model` VALUES ('5001', '4', 'leaveBill', 'LeaveBill', null, '2017-12-11 15:36:12', '2017-12-11 15:42:02', '1', '{\"name\":\"leaveBill\",\"revision\":1,\"description\":\"\"}', null, '5002', '5003', '');

-- ----------------------------
-- Table structure for act_re_procdef
-- ----------------------------
DROP TABLE IF EXISTS `act_re_procdef`;
CREATE TABLE `act_re_procdef` (
  `ID_` varchar(64) COLLATE utf8_bin NOT NULL,
  `REV_` int(11) DEFAULT NULL,
  `CATEGORY_` varchar(255) COLLATE utf8_bin DEFAULT NULL,
  `NAME_` varchar(255) COLLATE utf8_bin DEFAULT NULL,
  `KEY_` varchar(255) COLLATE utf8_bin NOT NULL,
  `VERSION_` int(11) NOT NULL,
  `DEPLOYMENT_ID_` varchar(64) COLLATE utf8_bin DEFAULT NULL,
  `RESOURCE_NAME_` varchar(4000) COLLATE utf8_bin DEFAULT NULL,
  `DGRM_RESOURCE_NAME_` varchar(4000) COLLATE utf8_bin DEFAULT NULL,
  `DESCRIPTION_` varchar(4000) COLLATE utf8_bin DEFAULT NULL,
  `HAS_START_FORM_KEY_` tinyint(4) DEFAULT NULL,
  `HAS_GRAPHICAL_NOTATION_` tinyint(4) DEFAULT NULL,
  `SUSPENSION_STATE_` int(11) DEFAULT NULL,
  `TENANT_ID_` varchar(255) COLLATE utf8_bin DEFAULT '',
  PRIMARY KEY (`ID_`),
  UNIQUE KEY `ACT_UNIQ_PROCDEF` (`KEY_`,`VERSION_`,`TENANT_ID_`)
) ENGINE=InnoDB DEFAULT CHARSET=utf8 COLLATE=utf8_bin;

-- ----------------------------
-- Records of act_re_procdef
-- ----------------------------
INSERT INTO `act_re_procdef` VALUES ('LeaveBill:1:47504', '1', 'http://www.activiti.org/processdef', 'leaveBill', 'LeaveBill', '1', '47501', 'leaveBill.bpmn20.xml', 'leaveBill.LeaveBill.png', null, '0', '1', '1', '');

-- ----------------------------
-- Table structure for act_ru_event_subscr
-- ----------------------------
DROP TABLE IF EXISTS `act_ru_event_subscr`;
CREATE TABLE `act_ru_event_subscr` (
  `ID_` varchar(64) COLLATE utf8_bin NOT NULL,
  `REV_` int(11) DEFAULT NULL,
  `EVENT_TYPE_` varchar(255) COLLATE utf8_bin NOT NULL,
  `EVENT_NAME_` varchar(255) COLLATE utf8_bin DEFAULT NULL,
  `EXECUTION_ID_` varchar(64) COLLATE utf8_bin DEFAULT NULL,
  `PROC_INST_ID_` varchar(64) COLLATE utf8_bin DEFAULT NULL,
  `ACTIVITY_ID_` varchar(64) COLLATE utf8_bin DEFAULT NULL,
  `CONFIGURATION_` varchar(255) COLLATE utf8_bin DEFAULT NULL,
  `CREATED_` timestamp NOT NULL DEFAULT CURRENT_TIMESTAMP,
  `PROC_DEF_ID_` varchar(64) COLLATE utf8_bin DEFAULT NULL,
  `TENANT_ID_` varchar(255) COLLATE utf8_bin DEFAULT '',
  PRIMARY KEY (`ID_`),
  KEY `ACT_IDX_EVENT_SUBSCR_CONFIG_` (`CONFIGURATION_`),
  KEY `ACT_FK_EVENT_EXEC` (`EXECUTION_ID_`),
  CONSTRAINT `ACT_FK_EVENT_EXEC` FOREIGN KEY (`EXECUTION_ID_`) REFERENCES `act_ru_execution` (`ID_`)
) ENGINE=InnoDB DEFAULT CHARSET=utf8 COLLATE=utf8_bin;

-- ----------------------------
-- Records of act_ru_event_subscr
-- ----------------------------

-- ----------------------------
-- Table structure for act_ru_execution
-- ----------------------------
DROP TABLE IF EXISTS `act_ru_execution`;
CREATE TABLE `act_ru_execution` (
  `ID_` varchar(64) COLLATE utf8_bin NOT NULL DEFAULT '',
  `REV_` int(11) DEFAULT NULL,
  `PROC_INST_ID_` varchar(64) COLLATE utf8_bin DEFAULT NULL,
  `BUSINESS_KEY_` varchar(255) COLLATE utf8_bin DEFAULT NULL,
  `PARENT_ID_` varchar(64) COLLATE utf8_bin DEFAULT NULL,
  `PROC_DEF_ID_` varchar(64) COLLATE utf8_bin DEFAULT NULL,
  `SUPER_EXEC_` varchar(64) COLLATE utf8_bin DEFAULT NULL,
  `ACT_ID_` varchar(255) COLLATE utf8_bin DEFAULT NULL,
  `IS_ACTIVE_` tinyint(4) DEFAULT NULL,
  `IS_CONCURRENT_` tinyint(4) DEFAULT NULL,
  `IS_SCOPE_` tinyint(4) DEFAULT NULL,
  `IS_EVENT_SCOPE_` tinyint(4) DEFAULT NULL,
  `SUSPENSION_STATE_` int(11) DEFAULT NULL,
  `CACHED_ENT_STATE_` int(11) DEFAULT NULL,
  `TENANT_ID_` varchar(255) COLLATE utf8_bin DEFAULT '',
  `NAME_` varchar(255) COLLATE utf8_bin DEFAULT NULL,
  `LOCK_TIME_` timestamp NULL DEFAULT NULL,
  PRIMARY KEY (`ID_`),
  KEY `ACT_IDX_EXEC_BUSKEY` (`BUSINESS_KEY_`),
  KEY `ACT_FK_EXE_PROCINST` (`PROC_INST_ID_`),
  KEY `ACT_FK_EXE_PARENT` (`PARENT_ID_`),
  KEY `ACT_FK_EXE_SUPER` (`SUPER_EXEC_`),
  KEY `ACT_FK_EXE_PROCDEF` (`PROC_DEF_ID_`),
  CONSTRAINT `ACT_FK_EXE_PARENT` FOREIGN KEY (`PARENT_ID_`) REFERENCES `act_ru_execution` (`ID_`),
  CONSTRAINT `ACT_FK_EXE_PROCDEF` FOREIGN KEY (`PROC_DEF_ID_`) REFERENCES `act_re_procdef` (`ID_`),
  CONSTRAINT `ACT_FK_EXE_PROCINST` FOREIGN KEY (`PROC_INST_ID_`) REFERENCES `act_ru_execution` (`ID_`) ON DELETE CASCADE ON UPDATE CASCADE,
  CONSTRAINT `ACT_FK_EXE_SUPER` FOREIGN KEY (`SUPER_EXEC_`) REFERENCES `act_ru_execution` (`ID_`)
) ENGINE=InnoDB DEFAULT CHARSET=utf8 COLLATE=utf8_bin;

-- ----------------------------
-- Records of act_ru_execution
-- ----------------------------
INSERT INTO `act_ru_execution` VALUES ('47505', '2', '47505', 'LeaveBill:10', null, 'LeaveBill:1:47504', null, 'userTask2', '1', '0', '1', '0', '1', '2', '', null, null);
INSERT INTO `act_ru_execution` VALUES ('50001', '3', '50001', 'LeaveBill:11', null, 'LeaveBill:1:47504', null, 'userTask3', '1', '0', '1', '0', '1', '2', '', null, null);

-- ----------------------------
-- Table structure for act_ru_identitylink
-- ----------------------------
DROP TABLE IF EXISTS `act_ru_identitylink`;
CREATE TABLE `act_ru_identitylink` (
  `ID_` varchar(64) COLLATE utf8_bin NOT NULL DEFAULT '',
  `REV_` int(11) DEFAULT NULL,
  `GROUP_ID_` varchar(255) COLLATE utf8_bin DEFAULT NULL,
  `TYPE_` varchar(255) COLLATE utf8_bin DEFAULT NULL,
  `USER_ID_` varchar(255) COLLATE utf8_bin DEFAULT NULL,
  `TASK_ID_` varchar(64) COLLATE utf8_bin DEFAULT NULL,
  `PROC_INST_ID_` varchar(64) COLLATE utf8_bin DEFAULT NULL,
  `PROC_DEF_ID_` varchar(64) COLLATE utf8_bin DEFAULT NULL,
  PRIMARY KEY (`ID_`),
  KEY `ACT_IDX_IDENT_LNK_USER` (`USER_ID_`),
  KEY `ACT_IDX_IDENT_LNK_GROUP` (`GROUP_ID_`),
  KEY `ACT_IDX_ATHRZ_PROCEDEF` (`PROC_DEF_ID_`),
  KEY `ACT_FK_TSKASS_TASK` (`TASK_ID_`),
  KEY `ACT_FK_IDL_PROCINST` (`PROC_INST_ID_`),
  CONSTRAINT `ACT_FK_ATHRZ_PROCEDEF` FOREIGN KEY (`PROC_DEF_ID_`) REFERENCES `act_re_procdef` (`ID_`),
  CONSTRAINT `ACT_FK_IDL_PROCINST` FOREIGN KEY (`PROC_INST_ID_`) REFERENCES `act_ru_execution` (`ID_`),
  CONSTRAINT `ACT_FK_TSKASS_TASK` FOREIGN KEY (`TASK_ID_`) REFERENCES `act_ru_task` (`ID_`)
) ENGINE=InnoDB DEFAULT CHARSET=utf8 COLLATE=utf8_bin;

-- ----------------------------
-- Records of act_ru_identitylink
-- ----------------------------
INSERT INTO `act_ru_identitylink` VALUES ('47511', '1', null, 'participant', '1', null, '47505', null);
INSERT INTO `act_ru_identitylink` VALUES ('47514', '1', 'department_manager', 'candidate', null, '47513', null, null);
INSERT INTO `act_ru_identitylink` VALUES ('50007', '1', null, 'participant', '1', null, '50001', null);
INSERT INTO `act_ru_identitylink` VALUES ('50011', '1', null, 'participant', '3', null, '50001', null);
INSERT INTO `act_ru_identitylink` VALUES ('50015', '1', 'general_manager', 'candidate', null, '50014', null, null);

-- ----------------------------
-- Table structure for act_ru_job
-- ----------------------------
DROP TABLE IF EXISTS `act_ru_job`;
CREATE TABLE `act_ru_job` (
  `ID_` varchar(64) COLLATE utf8_bin NOT NULL,
  `REV_` int(11) DEFAULT NULL,
  `TYPE_` varchar(255) COLLATE utf8_bin NOT NULL,
  `LOCK_EXP_TIME_` timestamp NULL DEFAULT NULL,
  `LOCK_OWNER_` varchar(255) COLLATE utf8_bin DEFAULT NULL,
  `EXCLUSIVE_` tinyint(1) DEFAULT NULL,
  `EXECUTION_ID_` varchar(64) COLLATE utf8_bin DEFAULT NULL,
  `PROCESS_INSTANCE_ID_` varchar(64) COLLATE utf8_bin DEFAULT NULL,
  `PROC_DEF_ID_` varchar(64) COLLATE utf8_bin DEFAULT NULL,
  `RETRIES_` int(11) DEFAULT NULL,
  `EXCEPTION_STACK_ID_` varchar(64) COLLATE utf8_bin DEFAULT NULL,
  `EXCEPTION_MSG_` varchar(4000) COLLATE utf8_bin DEFAULT NULL,
  `DUEDATE_` timestamp NULL DEFAULT NULL,
  `REPEAT_` varchar(255) COLLATE utf8_bin DEFAULT NULL,
  `HANDLER_TYPE_` varchar(255) COLLATE utf8_bin DEFAULT NULL,
  `HANDLER_CFG_` varchar(4000) COLLATE utf8_bin DEFAULT NULL,
  `TENANT_ID_` varchar(255) COLLATE utf8_bin DEFAULT '',
  PRIMARY KEY (`ID_`),
  KEY `ACT_FK_JOB_EXCEPTION` (`EXCEPTION_STACK_ID_`),
  CONSTRAINT `ACT_FK_JOB_EXCEPTION` FOREIGN KEY (`EXCEPTION_STACK_ID_`) REFERENCES `act_ge_bytearray` (`ID_`)
) ENGINE=InnoDB DEFAULT CHARSET=utf8 COLLATE=utf8_bin;

-- ----------------------------
-- Records of act_ru_job
-- ----------------------------

-- ----------------------------
-- Table structure for act_ru_task
-- ----------------------------
DROP TABLE IF EXISTS `act_ru_task`;
CREATE TABLE `act_ru_task` (
  `ID_` varchar(64) COLLATE utf8_bin NOT NULL DEFAULT '',
  `REV_` int(11) DEFAULT NULL,
  `EXECUTION_ID_` varchar(64) COLLATE utf8_bin DEFAULT NULL,
  `PROC_INST_ID_` varchar(64) COLLATE utf8_bin DEFAULT NULL,
  `PROC_DEF_ID_` varchar(64) COLLATE utf8_bin DEFAULT NULL,
  `NAME_` varchar(255) COLLATE utf8_bin DEFAULT NULL,
  `PARENT_TASK_ID_` varchar(64) COLLATE utf8_bin DEFAULT NULL,
  `DESCRIPTION_` varchar(4000) COLLATE utf8_bin DEFAULT NULL,
  `TASK_DEF_KEY_` varchar(255) COLLATE utf8_bin DEFAULT NULL,
  `OWNER_` varchar(255) COLLATE utf8_bin DEFAULT NULL,
  `ASSIGNEE_` varchar(255) COLLATE utf8_bin DEFAULT NULL,
  `DELEGATION_` varchar(64) COLLATE utf8_bin DEFAULT NULL,
  `PRIORITY_` int(11) DEFAULT NULL,
  `CREATE_TIME_` timestamp NULL DEFAULT NULL,
  `DUE_DATE_` datetime DEFAULT NULL,
  `CATEGORY_` varchar(255) COLLATE utf8_bin DEFAULT NULL,
  `SUSPENSION_STATE_` int(11) DEFAULT NULL,
  `TENANT_ID_` varchar(255) COLLATE utf8_bin DEFAULT '',
  `FORM_KEY_` varchar(255) COLLATE utf8_bin DEFAULT NULL,
  PRIMARY KEY (`ID_`),
  KEY `ACT_IDX_TASK_CREATE` (`CREATE_TIME_`),
  KEY `ACT_FK_TASK_EXE` (`EXECUTION_ID_`),
  KEY `ACT_FK_TASK_PROCINST` (`PROC_INST_ID_`),
  KEY `ACT_FK_TASK_PROCDEF` (`PROC_DEF_ID_`),
  CONSTRAINT `ACT_FK_TASK_EXE` FOREIGN KEY (`EXECUTION_ID_`) REFERENCES `act_ru_execution` (`ID_`),
  CONSTRAINT `ACT_FK_TASK_PROCDEF` FOREIGN KEY (`PROC_DEF_ID_`) REFERENCES `act_re_procdef` (`ID_`),
  CONSTRAINT `ACT_FK_TASK_PROCINST` FOREIGN KEY (`PROC_INST_ID_`) REFERENCES `act_ru_execution` (`ID_`)
) ENGINE=InnoDB DEFAULT CHARSET=utf8 COLLATE=utf8_bin;

-- ----------------------------
-- Records of act_ru_task
-- ----------------------------
INSERT INTO `act_ru_task` VALUES ('47513', '1', '47505', '47505', 'LeaveBill:1:47504', '', null, null, 'userTask2', null, null, null, '50', '2017-12-15 09:59:57', null, null, '1', '', null);
INSERT INTO `act_ru_task` VALUES ('50014', '1', '50001', '50001', 'LeaveBill:1:47504', '', null, null, 'userTask3', null, null, null, '50', '2017-12-15 11:19:06', null, null, '1', '', null);

-- ----------------------------
-- Table structure for act_ru_variable
-- ----------------------------
DROP TABLE IF EXISTS `act_ru_variable`;
CREATE TABLE `act_ru_variable` (
  `ID_` varchar(64) COLLATE utf8_bin NOT NULL,
  `REV_` int(11) DEFAULT NULL,
  `TYPE_` varchar(255) COLLATE utf8_bin NOT NULL,
  `NAME_` varchar(255) COLLATE utf8_bin NOT NULL,
  `EXECUTION_ID_` varchar(64) COLLATE utf8_bin DEFAULT NULL,
  `PROC_INST_ID_` varchar(64) COLLATE utf8_bin DEFAULT NULL,
  `TASK_ID_` varchar(64) COLLATE utf8_bin DEFAULT NULL,
  `BYTEARRAY_ID_` varchar(64) COLLATE utf8_bin DEFAULT NULL,
  `DOUBLE_` double DEFAULT NULL,
  `LONG_` bigint(20) DEFAULT NULL,
  `TEXT_` varchar(4000) COLLATE utf8_bin DEFAULT NULL,
  `TEXT2_` varchar(4000) COLLATE utf8_bin DEFAULT NULL,
  PRIMARY KEY (`ID_`),
  KEY `ACT_IDX_VARIABLE_TASK_ID` (`TASK_ID_`),
  KEY `ACT_FK_VAR_EXE` (`EXECUTION_ID_`),
  KEY `ACT_FK_VAR_PROCINST` (`PROC_INST_ID_`),
  KEY `ACT_FK_VAR_BYTEARRAY` (`BYTEARRAY_ID_`),
  CONSTRAINT `ACT_FK_VAR_BYTEARRAY` FOREIGN KEY (`BYTEARRAY_ID_`) REFERENCES `act_ge_bytearray` (`ID_`),
  CONSTRAINT `ACT_FK_VAR_EXE` FOREIGN KEY (`EXECUTION_ID_`) REFERENCES `act_ru_execution` (`ID_`),
  CONSTRAINT `ACT_FK_VAR_PROCINST` FOREIGN KEY (`PROC_INST_ID_`) REFERENCES `act_ru_execution` (`ID_`)
) ENGINE=InnoDB DEFAULT CHARSET=utf8 COLLATE=utf8_bin;

-- ----------------------------
-- Records of act_ru_variable
-- ----------------------------
INSERT INTO `act_ru_variable` VALUES ('47507', '1', 'string', 'businessKey', '47505', '47505', null, null, null, null, 'LeaveBill:10', null);
INSERT INTO `act_ru_variable` VALUES ('47508', '1', 'long', 'inputUser', '47505', '47505', null, null, null, '1', '1', null);
INSERT INTO `act_ru_variable` VALUES ('50003', '1', 'string', 'businessKey', '50001', '50001', null, null, null, null, 'LeaveBill:11', null);
INSERT INTO `act_ru_variable` VALUES ('50004', '1', 'long', 'inputUser', '50001', '50001', null, null, null, '1', '1', null);
INSERT INTO `act_ru_variable` VALUES ('50012', '1', 'boolean', 'pass', '50001', '50001', null, null, null, '1', null, null);

-- ----------------------------
-- Table structure for approval_history
-- ----------------------------
DROP TABLE IF EXISTS `approval_history`;
CREATE TABLE `approval_history` (
  `id` bigint(20) NOT NULL AUTO_INCREMENT,
  `user_id` bigint(20) NOT NULL,
  `leave_bill_id` bigint(20) NOT NULL,
  `memo` varchar(255) DEFAULT NULL,
  `create_by` bigint(20) NOT NULL,
  `update_by` bigint(20) NOT NULL,
  `gm_create` datetime NOT NULL,
  `gm_modified` datetime NOT NULL,
  `is_delete` tinyint(1) NOT NULL,
  PRIMARY KEY (`id`)
) ENGINE=InnoDB DEFAULT CHARSET=utf8;

-- ----------------------------
-- Records of approval_history
-- ----------------------------

-- ----------------------------
-- Table structure for leave_bill
-- ----------------------------
DROP TABLE IF EXISTS `leave_bill`;
CREATE TABLE `leave_bill` (
  `id` bigint(20) NOT NULL AUTO_INCREMENT,
  `user_id` bigint(20) NOT NULL,
  `days` int(11) NOT NULL,
  `reason` varchar(255) NOT NULL,
  `status` int(4) NOT NULL COMMENT '0-  1- 2-',
  `type` int(4) NOT NULL COMMENT '1- 2- 3- 4- 5-',
  `begin_time` datetime NOT NULL,
  `create_by` bigint(20) NOT NULL,
  `update_by` bigint(20) NOT NULL,
  `gm_create` datetime NOT NULL,
  `gm_modified` datetime NOT NULL,
  `is_delete` tinyint(1) NOT NULL,
  PRIMARY KEY (`id`)
) ENGINE=InnoDB AUTO_INCREMENT=12 DEFAULT CHARSET=utf8;

-- ----------------------------
-- Records of leave_bill
-- ----------------------------
INSERT INTO `leave_bill` VALUES ('1', '1', '5', 'fsdgdffgf', '0', '1', '2017-12-12 10:05:00', '1', '1', '2017-12-12 10:06:41', '2017-12-12 10:06:41', '0');
INSERT INTO `leave_bill` VALUES ('2', '1', '2', 'dsxafdasf', '0', '1', '2017-12-12 10:05:00', '1', '1', '2017-12-12 10:07:50', '2017-12-12 10:07:50', '0');
INSERT INTO `leave_bill` VALUES ('3', '1', '5', '', '1', '1', '2017-12-12 10:55:00', '1', '1', '2017-12-12 10:57:20', '2017-12-12 10:57:20', '0');
INSERT INTO `leave_bill` VALUES ('4', '1', '4', 'asdfasdfasdfasdfasdfsdf', '1', '1', '2017-12-12 16:30:00', '1', '1', '2017-12-12 16:31:36', '2017-12-12 16:31:36', '0');
INSERT INTO `leave_bill` VALUES ('5', '2', '5', 'dfsafafadfa', '1', '1', '2017-12-12 16:55:00', '2', '2', '2017-12-12 16:54:48', '2017-12-12 16:54:48', '0');
INSERT INTO `leave_bill` VALUES ('6', '2', '6', 'fasfdasfs', '1', '1', '2017-12-12 17:05:00', '2', '2', '2017-12-12 17:04:07', '2017-12-12 17:04:07', '0');
INSERT INTO `leave_bill` VALUES ('7', '1', '3', 'wdswdfasdfasdfasdasdf', '1', '1', '2017-12-12 17:15:00', '1', '1', '2017-12-12 17:17:57', '2017-12-12 17:17:57', '0');
INSERT INTO `leave_bill` VALUES ('8', '2', '5', 'dasfasfasfvdsfd', '2', '1', '2017-12-13 09:40:00', '2', '2', '2017-12-13 09:41:04', '2017-12-13 09:41:04', '0');
INSERT INTO `leave_bill` VALUES ('9', '2', '5', 'fggfgf', '0', '1', '2017-12-13 09:45:00', '2', '2', '2017-12-13 09:43:28', '2017-12-13 09:43:28', '0');
INSERT INTO `leave_bill` VALUES ('10', '1', '3', 'dsafsdafdsafda', '0', '1', '2017-12-15 09:55:00', '1', '1', '2017-12-15 09:59:57', '2017-12-15 09:59:57', '0');
INSERT INTO `leave_bill` VALUES ('11', '1', '23333', 'asdfasdfdsafdsa', '0', '1', '2017-12-15 11:20:00', '1', '1', '2017-12-15 11:18:44', '2017-12-15 11:18:44', '0');

-- ----------------------------
-- Table structure for role
-- ----------------------------
DROP TABLE IF EXISTS `role`;
CREATE TABLE `role` (
  `id` bigint(20) NOT NULL AUTO_INCREMENT,
  `role_en_name` varchar(50) NOT NULL,
  `role_cn_name` varchar(50) NOT NULL,
  `create_by` bigint(20) NOT NULL,
  `update_by` bigint(20) NOT NULL,
  `gm_create` datetime NOT NULL,
  `gm_modified` datetime NOT NULL,
  `is_delete` tinyint(1) NOT NULL,
  PRIMARY KEY (`id`)
) ENGINE=InnoDB AUTO_INCREMENT=3 DEFAULT CHARSET=utf8;

-- ----------------------------
-- Records of role
-- ----------------------------
INSERT INTO `role` VALUES ('1', 'department_manager', '', '1', '1', '2017-12-08 14:24:31', '2017-12-08 14:24:33', '0');
INSERT INTO `role` VALUES ('2', 'general_manager', '', '1', '1', '2017-12-08 14:25:23', '2017-12-08 14:25:26', '0');

-- ----------------------------
-- Table structure for user
-- ----------------------------
DROP TABLE IF EXISTS `user`;
CREATE TABLE `user` (
  `id` bigint(20) NOT NULL AUTO_INCREMENT,
  `user_name` varchar(50) NOT NULL,
  `mobile` varchar(11) NOT NULL,
  `password` varchar(50) NOT NULL,
  `create_by` bigint(20) NOT NULL,
  `update_by` bigint(20) NOT NULL,
  `gm_create` datetime NOT NULL,
  `gm_modified` datetime NOT NULL,
  `is_delete` tinyint(1) NOT NULL,
  PRIMARY KEY (`id`)
) ENGINE=InnoDB AUTO_INCREMENT=6 DEFAULT CHARSET=utf8;

-- ----------------------------
-- Records of user
-- ----------------------------
INSERT INTO `user` VALUES ('1', '', '13122198121', '123', '1', '1', '2017-12-08 14:20:51', '2017-12-08 14:20:54', '0');
INSERT INTO `user` VALUES ('2', '', '13122198122', '123', '1', '1', '2017-12-08 14:21:25', '2017-12-08 14:21:28', '0');
INSERT INTO `user` VALUES ('3', '', '13122198123', '123', '1', '1', '2017-12-08 14:21:51', '2017-12-08 14:21:54', '0');
INSERT INTO `user` VALUES ('4', '', '13122198124', '123', '1', '1', '2017-12-08 14:22:18', '2017-12-08 14:22:20', '0');
INSERT INTO `user` VALUES ('5', '', '13122198125', '123', '1', '1', '2017-12-13 09:37:58', '2017-12-13 09:38:01', '0');

-- ----------------------------
-- Table structure for user_role
-- ----------------------------
DROP TABLE IF EXISTS `user_role`;
CREATE TABLE `user_role` (
  `id` bigint(20) NOT NULL AUTO_INCREMENT,
  `user_id` bigint(20) NOT NULL,
  `role_id` bigint(20) NOT NULL,
  `create_by` bigint(20) NOT NULL,
  `update_by` bigint(20) NOT NULL,
  `gm_create` datetime NOT NULL,
  `gm_modified` datetime NOT NULL,
  `is_delete` tinyint(1) NOT NULL,
  PRIMARY KEY (`id`)
) ENGINE=InnoDB AUTO_INCREMENT=5 DEFAULT CHARSET=utf8;

-- ----------------------------
-- Records of user_role
-- ----------------------------
INSERT INTO `user_role` VALUES ('1', '2', '1', '1', '1', '2017-12-08 14:25:52', '2017-12-08 14:25:56', '0');
INSERT INTO `user_role` VALUES ('2', '3', '1', '1', '1', '2017-12-08 14:26:28', '2017-12-08 14:26:31', '0');
INSERT INTO `user_role` VALUES ('3', '4', '2', '1', '1', '2017-12-08 14:26:45', '2017-12-08 14:26:52', '0');
INSERT INTO `user_role` VALUES ('4', '5', '2', '1', '1', '2017-12-08 14:27:20', '2017-12-08 14:27:23', '0');
